"Strike ID","Date","Location","Area","Minimum people killed","Maximum people killed","Minimum civilians killed","Maximum civilians killed","Minimum children killed","Maximum children killed","Minimum people injured","Maximum people injured","Strike link","extra","Index","Year","House Majority Party","Senate Majority Party","Presidential Party","Unified?"
"B1",2004-06-17,"Wana","South Waziristan",6,8,2,2,2,2,1,1,"http://www.thebureauinvestigates.com/2011/08/10/the-bush-years-2004-2009/#B1","http://www.thebureauinvestigates.com/2011/08/10/the-bush-years-2004-2009/#","1",2004,"Republican","Republican","Republican","Republican"
"B2",2005-05-08,"Toorikhel","North Waziristan",2,2,0,0,0,0,0,0,"http://www.thebureauinvestigates.com/2011/08/10/the-bush-years-2004-2009/#B2",NA,"2",2005,"Republican","Republican","Republican","Republican"
"B3",2005-11-05,"Mosaki","North Waziristan",8,8,3,8,2,3,1,1,"http://www.thebureauinvestigates.com/2011/08/10/the-bush-years-2004-2009/#B3",NA,"3",2005,"Republican","Republican","Republican","Republican"
"B4",2005-12-01,"Haisori","North Waziristan",6,6,2,3,2,2,0,0,"http://www.thebureauinvestigates.com/2011/08/10/the-bush-years-2004-2009/#B4",NA,"4",2005,"Republican","Republican","Republican","Republican"
"B5",2006-01-13,"Damadola","Bajaur Agency",13,22,10,18,5,6,0,0,"http://www.thebureauinvestigates.com/2011/08/10/the-bush-years-2004-2009/#B5",NA,"5",2006,"Republican","Republican","Republican","Republican"
"B6",2006-10-30,"Chenegai","Bajaur Agency",81,83,80,82,68,70,3,3,"http://www.thebureauinvestigates.com/2011/08/10/the-bush-years-2004-2009/#B6",NA,"6",2006,"Republican","Republican","Republican","Republican"
"B7",2007-01-16,"Zamazola","South Waziristan",8,8,8,8,1,1,0,0,"http://www.thebureauinvestigates.com/2011/08/10/the-bush-years-2004-2009/#B7",NA,"7",2007,"Democrat","Democrat","Republican","No"
"B8",2007-04-27,"Saidgai","North Waziristan",3,4,3,4,0,0,3,9,"http://www.thebureauinvestigates.com/2011/08/10/the-bush-years-2004-2009/#B8",NA,"8",2007,"Democrat","Democrat","Republican","No"
"B9",2007-06-19,"Mami Rogha","North Waziristan",20,34,0,34,0,0,10,15,"http://www.thebureauinvestigates.com/2011/08/10/the-bush-years-2004-2009/#B9",NA,"9",2007,"Democrat","Democrat","Republican","No"
"B10",2007-11-02,"Danda Darpakhel","North Waziristan",5,10,0,0,0,0,6,12,"http://www.thebureauinvestigates.com/2011/08/10/the-bush-years-2004-2009/#B10",NA,"10",2007,"Democrat","Democrat","Republican","No"
"B11",2007-12-03,"Jani Khel","Bannu Frontier Region",0,0,0,0,0,0,1,1,"http://www.thebureauinvestigates.com/2011/08/10/the-bush-years-2004-2009/#B11",NA,"11",2007,"Democrat","Democrat","Republican","No"
"B12",2008-01-29,"Mir Ali","North Waziristan",12,15,4,6,2,3,1,2,"http://www.thebureauinvestigates.com/2011/08/10/the-bush-years-2004-2009/#B12",NA,"12",2008,"Democrat","Democrat","Republican","No"
"B13",2008-02-28,"Azam Warsak","South Waziristan",10,13,0,0,0,0,6,16,"http://www.thebureauinvestigates.com/2011/08/10/the-bush-years-2004-2009/#B13",NA,"13",2008,"Democrat","Democrat","Republican","No"
"B14",2008-03-16,"Dhook Pir Bagh","South Waziristan",18,20,0,4,0,0,5,9,"http://www.thebureauinvestigates.com/2011/08/10/the-bush-years-2004-2009/#B14",NA,"14",2008,"Democrat","Democrat","Republican","No"
"B15",2008-05-14,"Damadola","Bajaur Agency",12,20,4,6,1,4,9,9,"http://www.thebureauinvestigates.com/2011/08/10/the-bush-years-2004-2009/#B15",NA,"15",2008,"Democrat","Democrat","Republican","No"
"B16",2008-06-14,"Makeen","South Waziristan",1,1,0,1,0,0,0,0,"http://www.thebureauinvestigates.com/2011/08/10/the-bush-years-2004-2009/#B16",NA,"16",2008,"Democrat","Democrat","Republican","No"
"B17",2008-07-28,"Zeralita","South Waziristan",7,12,1,5,0,2,3,3,"http://www.thebureauinvestigates.com/2011/08/10/the-bush-years-2004-2009/#B17",NA,"17",2008,"Democrat","Democrat","Republican","No"
"B18",2008-08-12,"Bhaggar","South Waziristan",12,25,0,5,0,0,0,4,"http://www.thebureauinvestigates.com/2011/08/10/the-bush-years-2004-2009/#B18",NA,"18",2008,"Democrat","Democrat","Republican","No"
"B19",2008-08-20,"Zari Noor","South Waziristan",6,12,0,0,0,0,5,5,"http://www.thebureauinvestigates.com/2011/08/10/the-bush-years-2004-2009/#B19",NA,"19",2008,"Democrat","Democrat","Republican","No"
"B20",2008-08-27,"Ganki Khel","South Waziristan",0,0,0,0,0,0,4,4,"http://www.thebureauinvestigates.com/2011/08/10/the-bush-years-2004-2009/#B20",NA,"20",2008,"Democrat","Democrat","Republican","No"
"B21",2008-08-30,"Korzai","South Waziristan",4,5,0,0,0,0,4,4,"http://www.thebureauinvestigates.com/2011/08/10/the-bush-years-2004-2009/#B21",NA,"21",2008,"Democrat","Democrat","Republican","No"
"B22",2008-08-30,"Miram Shah","North Waziristan",6,11,2,9,1,4,2,8,"http://www.thebureauinvestigates.com/2011/08/10/the-bush-years-2004-2009/#B22",NA,"22",2008,"Democrat","Democrat","Republican","No"
"B23",2008-09-02,"Unknown","North Waziristan",0,10,0,0,0,0,0,1,"http://www.thebureauinvestigates.com/2011/08/10/the-bush-years-2004-2009/#B23",NA,"23",2008,"Democrat","Democrat","Republican","No"
"B24",2008-09-04,"Mohammad Khel","North Waziristan",5,7,0,0,0,0,3,4,"http://www.thebureauinvestigates.com/2011/08/10/the-bush-years-2004-2009/#B24",NA,"24",2008,"Democrat","Democrat","Republican","No"
"B25",2008-09-05,"Gurwak","North Waziristan",5,12,5,7,3,4,0,0,"http://www.thebureauinvestigates.com/2011/08/10/the-bush-years-2004-2009/#B25",NA,"25",2008,"Democrat","Democrat","Republican","No"
"B26",2008-09-08,"Miram Shah","North Waziristan",17,23,11,20,5,8,14,25,"http://www.thebureauinvestigates.com/2011/08/10/the-bush-years-2004-2009/#B26",NA,"26",2008,"Democrat","Democrat","Republican","No"
"B27",2008-09-12,"Tol Khel","North Waziristan",12,15,3,5,2,2,14,14,"http://www.thebureauinvestigates.com/2011/08/10/the-bush-years-2004-2009/#B27",NA,"27",2008,"Democrat","Democrat","Republican","No"
"B28",2008-09-17,"Baghar Cheena","South Waziristan",4,7,0,0,0,0,3,3,"http://www.thebureauinvestigates.com/2011/08/10/the-bush-years-2004-2009/#B28",NA,"28",2008,"Democrat","Democrat","Republican","No"
"B29",2008-09-30,"Khushali","South Waziristan",4,8,0,0,0,0,5,9,"http://www.thebureauinvestigates.com/2011/08/10/the-bush-years-2004-2009/#B29",NA,"29",2008,"Democrat","Democrat","Republican","No"
"B30",2008-10-03,"Datta Khel","North Waziristan",3,3,3,3,1,1,5,5,"http://www.thebureauinvestigates.com/2011/08/10/the-bush-years-2004-2009/#B30",NA,"30",2008,"Democrat","Democrat","Republican","No"
"B31",2008-10-03,"Datta Khel","North Waziristan",17,21,7,14,3,3,0,0,"http://www.thebureauinvestigates.com/2011/08/10/the-bush-years-2004-2009/#B31",NA,"31",2008,"Democrat","Democrat","Republican","No"
"B32",2008-10-09,"Tati","North Waziristan",5,9,1,9,1,4,2,2,"http://www.thebureauinvestigates.com/2011/08/10/the-bush-years-2004-2009/#B32",NA,"32",2008,"Democrat","Democrat","Republican","No"
"B33",2008-10-11,"Miram Shah","North Waziristan",4,5,0,0,0,0,2,2,"http://www.thebureauinvestigates.com/2011/08/10/the-bush-years-2004-2009/#B33",NA,"33",2008,"Democrat","Democrat","Republican","No"
"B34",2008-10-16,"Taparghai","South Waziristan",2,9,0,4,0,0,1,7,"http://www.thebureauinvestigates.com/2011/08/10/the-bush-years-2004-2009/#B34",NA,"34",2008,"Democrat","Democrat","Republican","No"
"B35",2008-10-23,"Danda Darpakhel","North Waziristan",8,11,7,10,7,7,6,11,"http://www.thebureauinvestigates.com/2011/08/10/the-bush-years-2004-2009/#B35",NA,"35",2008,"Democrat","Democrat","Republican","No"
"B36",2008-10-26,"Mandata","South Waziristan",18,20,0,4,0,3,2,2,"http://www.thebureauinvestigates.com/2011/08/10/the-bush-years-2004-2009/#B36",NA,"36",2008,"Democrat","Democrat","Republican","No"
"B37",2008-10-31,"Asori","North Waziristan",4,25,1,20,0,0,0,0,"http://www.thebureauinvestigates.com/2011/08/10/the-bush-years-2004-2009/#B37",NA,"37",2008,"Democrat","Democrat","Republican","No"
"B38",2008-10-31,"Kari Kot","South Waziristan",4,12,1,1,0,0,2,30,"http://www.thebureauinvestigates.com/2011/08/10/the-bush-years-2004-2009/#B38",NA,"38",2008,"Democrat","Democrat","Republican","No"
"B39",2008-11-07,"Kumsham","North Waziristan",11,16,6,11,0,0,17,17,"http://www.thebureauinvestigates.com/2011/08/10/the-bush-years-2004-2009/#B39",NA,"39",2008,"Democrat","Democrat","Republican","No"
"B40",2008-11-14,"Garyom","North Waziristan",11,13,3,12,0,0,2,2,"http://www.thebureauinvestigates.com/2011/08/10/the-bush-years-2004-2009/#B40",NA,"40",2008,"Democrat","Democrat","Republican","No"
"B41",2008-11-19,"Jani Khel","Bannu Frontier Region",3,6,0,3,0,0,7,7,"http://www.thebureauinvestigates.com/2011/08/10/the-bush-years-2004-2009/#B41",NA,"41",2008,"Democrat","Democrat","Republican","No"
"B42",2008-11-22,"Ali Khel","North Waziristan",4,6,0,1,0,0,6,6,"http://www.thebureauinvestigates.com/2011/08/10/the-bush-years-2004-2009/#B42",NA,"42",2008,"Democrat","Democrat","Republican","No"
"B43",2008-11-27,"Wana","South Waziristan",5,5,0,0,0,0,0,0,"http://www.thebureauinvestigates.com/2011/08/10/the-bush-years-2004-2009/#B43",NA,"43",2008,"Democrat","Democrat","Republican","No"
"B44",2008-11-29,"Chashma","North Waziristan",2,3,0,3,0,0,2,3,"http://www.thebureauinvestigates.com/2011/08/10/the-bush-years-2004-2009/#B44",NA,"44",2008,"Democrat","Democrat","Republican","No"
"B45",2008-12-05,"Kateera","North Waziristan",3,4,0,0,0,0,2,2,"http://www.thebureauinvestigates.com/2011/08/10/the-bush-years-2004-2009/#B45",NA,"45",2008,"Democrat","Democrat","Republican","No"
"B46",2008-12-11,"Azam Warsak","South Waziristan",6,7,0,7,0,0,0,0,"http://www.thebureauinvestigates.com/2011/08/10/the-bush-years-2004-2009/#B46",NA,"46",2008,"Democrat","Democrat","Republican","No"
"B47",2008-12-15,"Tapi Tool","North Waziristan",2,3,0,3,0,0,3,3,"http://www.thebureauinvestigates.com/2011/08/10/the-bush-years-2004-2009/#B47",NA,"47",2008,"Democrat","Democrat","Republican","No"
"B48",2008-12-22,"Kari Kot","South Waziristan",3,3,0,0,0,0,5,5,"http://www.thebureauinvestigates.com/2011/08/10/the-bush-years-2004-2009/#B48",NA,"48",2008,"Democrat","Democrat","Republican","No"
"B49",2008-12-22,"Shin Warsak","South Waziristan",2,4,0,0,0,0,4,4,"http://www.thebureauinvestigates.com/2011/08/10/the-bush-years-2004-2009/#B49",NA,"49",2008,"Democrat","Democrat","Republican","No"
"B50",2009-01-01,"Kari Kot","South Waziristan",3,5,0,0,0,0,1,2,"http://www.thebureauinvestigates.com/2011/08/10/the-bush-years-2004-2009/#B50",NA,"50",2009,"Democrat","Democrat","Democrat","Democrat"
"B51",2009-01-02,"Madin Village","South Waziristan",3,4,0,0,0,0,3,5,"http://www.thebureauinvestigates.com/2011/08/10/the-bush-years-2004-2009/#B51",NA,"51",2009,"Democrat","Democrat","Democrat","Democrat"
"Ob1",2009-01-23,"Zharki","North Waziristan",7,15,9,11,1,1,1,1,"http://www.thebureauinvestigates.com/2011/08/10/obama-2009-strikes/#Ob1","http://www.thebureauinvestigates.com/2011/08/10/obama-2009-strikes/#","52",2009,"Democrat","Democrat","Democrat","Democrat"
"Ob2",2009-01-23,"Ganki Khel","South Waziristan",5,10,5,10,3,4,2,2,"http://www.thebureauinvestigates.com/2011/08/10/obama-2009-strikes/#Ob2",NA,"53",2009,"Democrat","Democrat","Democrat","Democrat"
"Ob3",2009-02-14,"Narsi Khel","South Waziristan",25,35,1,9,1,1,11,15,"http://www.thebureauinvestigates.com/2011/08/10/obama-2009-strikes/#Ob3",NA,"54",2009,"Democrat","Democrat","Democrat","Democrat"
"Ob4",2009-02-16,"Sur Pul","Kurram Agency",18,31,0,0,0,0,3,7,"http://www.thebureauinvestigates.com/2011/08/10/obama-2009-strikes/#Ob4",NA,"55",2009,"Democrat","Democrat","Democrat","Democrat"
"Ob5",2009-03-01,"Sararogha","South Waziristan",3,12,0,0,0,0,1,3,"http://www.thebureauinvestigates.com/2011/08/10/obama-2009-strikes/#Ob5",NA,"56",2009,"Democrat","Democrat","Democrat","Democrat"
"Ob6",2009-03-12,"Barjo","Kurram Agency",14,26,0,0,0,0,9,50,"http://www.thebureauinvestigates.com/2011/08/10/obama-2009-strikes/#Ob6",NA,"57",2009,"Democrat","Democrat","Democrat","Democrat"
"Ob7",2009-03-15,"Jani Khel","Bannu Frontier Region",2,6,0,0,0,0,3,3,"http://www.thebureauinvestigates.com/2011/08/10/obama-2009-strikes/#Ob7",NA,"58",2009,"Democrat","Democrat","Democrat","Democrat"
"Ob8",2009-03-25,"Makeen","South Waziristan",6,8,0,0,0,0,5,5,"http://www.thebureauinvestigates.com/2011/08/10/obama-2009-strikes/#Ob8",NA,"59",2009,"Democrat","Democrat","Democrat","Democrat"
"Ob9",2009-03-26,"Sokhel","North Waziristan",4,5,0,5,0,0,5,5,"http://www.thebureauinvestigates.com/2011/08/10/obama-2009-strikes/#Ob9",NA,"60",2009,"Democrat","Democrat","Democrat","Democrat"
"Ob10",2009-04-01,"Khadezai","Orakzai Agency",10,14,5,5,3,3,4,16,"http://www.thebureauinvestigates.com/2011/08/10/obama-2009-strikes/#Ob10",NA,"61",2009,"Democrat","Democrat","Democrat","Democrat"
"Ob11",2009-04-04,"Datta Khel","North Waziristan",13,15,8,13,3,5,1,1,"http://www.thebureauinvestigates.com/2011/08/10/obama-2009-strikes/#Ob11",NA,"62",2009,"Democrat","Democrat","Democrat","Democrat"
"Ob12",2009-04-08,"Ganki Khel","South Waziristan",3,4,0,0,0,0,2,5,"http://www.thebureauinvestigates.com/2011/08/10/obama-2009-strikes/#Ob12",NA,"63",2009,"Democrat","Democrat","Democrat","Democrat"
"Ob13",2009-04-19,"Ganki Khel","South Waziristan",0,8,0,8,0,0,3,5,"http://www.thebureauinvestigates.com/2011/08/10/obama-2009-strikes/#Ob13",NA,"64",2009,"Democrat","Democrat","Democrat","Democrat"
"Ob14",2009-04-29,"Kaniguram","South Waziristan",1,10,0,4,0,0,4,4,"http://www.thebureauinvestigates.com/2011/08/10/obama-2009-strikes/#Ob14",NA,"65",2009,"Democrat","Democrat","Democrat","Democrat"
"Ob15",2009-05-09,"Tabbi Langhar Khel","South Waziristan",6,25,0,4,0,0,7,10,"http://www.thebureauinvestigates.com/2011/08/10/obama-2009-strikes/#Ob15",NA,"66",2009,"Democrat","Democrat","Democrat","Democrat"
"Ob16",2009-05-12,"Sara Khwara","South Waziristan",5,9,0,0,0,0,4,4,"http://www.thebureauinvestigates.com/2011/08/10/obama-2009-strikes/#Ob16",NA,"67",2009,"Democrat","Democrat","Democrat","Democrat"
"Ob17",2009-05-16,"Khesoor","North Waziristan",25,40,9,9,0,0,2,2,"http://www.thebureauinvestigates.com/2011/08/10/obama-2009-strikes/#Ob17",NA,"68",2009,"Democrat","Democrat","Democrat","Democrat"
"Ob18",2009-06-14,"Marda Algad","South Waziristan",3,5,0,3,0,0,0,0,"http://www.thebureauinvestigates.com/2011/08/10/obama-2009-strikes/#Ob18",NA,"69",2009,"Democrat","Democrat","Democrat","Democrat"
"Ob19",2009-06-18,"Wana","South Waziristan",12,18,4,4,0,0,10,10,"http://www.thebureauinvestigates.com/2011/08/10/obama-2009-strikes/#Ob19",NA,"70",2009,"Democrat","Democrat","Democrat","Democrat"
"Ob20",2009-06-23,"Makeen","South Waziristan",5,6,0,0,0,0,7,7,"http://www.thebureauinvestigates.com/2011/08/10/obama-2009-strikes/#Ob20",NA,"71",2009,"Democrat","Democrat","Democrat","Democrat"
"Ob21",2009-06-23,"Makeen","South Waziristan",60,83,18,50,10,10,27,27,"http://www.thebureauinvestigates.com/2011/08/10/obama-2009-strikes/#Ob21",NA,"72",2009,"Democrat","Democrat","Democrat","Democrat"
"Ob22",2009-07-03,"Mantoi","South Waziristan",0,5,0,5,0,0,0,0,"http://www.thebureauinvestigates.com/2011/08/10/obama-2009-strikes/#Ob22",NA,"73",2009,"Democrat","Democrat","Democrat","Democrat"
"Ob23",2009-07-03,"Zamarai Nairai","South Waziristan",10,17,0,0,0,0,27,35,"http://www.thebureauinvestigates.com/2011/08/10/obama-2009-strikes/#Ob23",NA,"74",2009,"Democrat","Democrat","Democrat","Democrat"
"Ob24",2009-07-07,"Makeen","South Waziristan",14,18,0,0,0,0,10,10,"http://www.thebureauinvestigates.com/2011/08/10/obama-2009-strikes/#Ob24",NA,"75",2009,"Democrat","Democrat","Democrat","Democrat"
"Ob25",2009-07-08,"Ladha","South Waziristan",8,10,0,0,0,0,5,12,"http://www.thebureauinvestigates.com/2011/08/10/obama-2009-strikes/#Ob25",NA,"76",2009,"Democrat","Democrat","Democrat","Democrat"
"Ob26",2009-07-08,"Ladha","South Waziristan",35,40,0,0,0,0,1,1,"http://www.thebureauinvestigates.com/2011/08/10/obama-2009-strikes/#Ob26",NA,"77",2009,"Democrat","Democrat","Democrat","Democrat"
"Ob27",2009-07-10,"Painda Khel","South Waziristan",3,5,0,0,0,0,3,3,"http://www.thebureauinvestigates.com/2011/08/10/obama-2009-strikes/#Ob27",NA,"78",2009,"Democrat","Democrat","Democrat","Democrat"
"Ob28",2009-07-17,"Gariwam","North Waziristan",5,6,0,0,0,0,4,6,"http://www.thebureauinvestigates.com/2011/08/10/obama-2009-strikes/#Ob28",NA,"79",2009,"Democrat","Democrat","Democrat","Democrat"
"Ob29",2009-08-05,"Ladha","South Waziristan",1,12,1,4,0,0,5,5,"http://www.thebureauinvestigates.com/2011/08/10/obama-2009-strikes/#Ob29",NA,"80",2009,"Democrat","Democrat","Democrat","Democrat"
"Ob30",2009-08-11,"Ladha","South Waziristan",12,25,0,6,4,4,5,7,"http://www.thebureauinvestigates.com/2011/08/10/obama-2009-strikes/#Ob30",NA,"81",2009,"Democrat","Democrat","Democrat","Democrat"
"Ob31",2009-08-21,"Danda Darpakhel","North Waziristan",17,21,9,13,6,6,2,2,"http://www.thebureauinvestigates.com/2011/08/10/obama-2009-strikes/#Ob31",NA,"82",2009,"Democrat","Democrat","Democrat","Democrat"
"Ob32",2009-08-27,"Taparghai","South Waziristan",8,10,0,0,0,0,6,9,"http://www.thebureauinvestigates.com/2011/08/10/obama-2009-strikes/#Ob32",NA,"83",2009,"Democrat","Democrat","Democrat","Democrat"
"Ob33",2009-09-07,"Machi Khel","North Waziristan",5,8,3,3,0,0,2,7,"http://www.thebureauinvestigates.com/2011/08/10/obama-2009-strikes/#Ob33",NA,"84",2009,"Democrat","Democrat","Democrat","Democrat"
"Ob34",2009-09-08,"Darga Mandi","North Waziristan",10,15,5,5,3,3,4,5,"http://www.thebureauinvestigates.com/2011/08/10/obama-2009-strikes/#Ob34",NA,"85",2009,"Democrat","Democrat","Democrat","Democrat"
"Ob35",2009-09-14,"Toorikhel","North Waziristan",5,5,0,0,0,0,2,3,"http://www.thebureauinvestigates.com/2011/08/10/obama-2009-strikes/#Ob35",NA,"86",2009,"Democrat","Democrat","Democrat","Democrat"
"Ob36",2009-09-24,"Mir Ali","North Waziristan",10,12,0,12,0,0,5,5,"http://www.thebureauinvestigates.com/2011/08/10/obama-2009-strikes/#Ob36",NA,"87",2009,"Democrat","Democrat","Democrat","Democrat"
"Ob37",2009-09-29,"Sararogha","South Waziristan",5,6,0,0,0,0,2,6,"http://www.thebureauinvestigates.com/2011/08/10/obama-2009-strikes/#Ob37",NA,"88",2009,"Democrat","Democrat","Democrat","Democrat"
"Ob38",2009-09-29,"Danda Darpakhel","North Waziristan",4,9,0,4,0,0,2,6,"http://www.thebureauinvestigates.com/2011/08/10/obama-2009-strikes/#Ob38",NA,"89",2009,"Democrat","Democrat","Democrat","Democrat"
"Ob39",2009-09-30,"Norak","North Waziristan",6,9,0,0,0,0,2,5,"http://www.thebureauinvestigates.com/2011/08/10/obama-2009-strikes/#Ob39",NA,"90",2009,"Democrat","Democrat","Democrat","Democrat"
"Ob40",2009-10-15,"Danda Darpakhel","North Waziristan",3,4,0,0,0,0,7,7,"http://www.thebureauinvestigates.com/2011/08/10/obama-2009-strikes/#Ob40",NA,"91",2009,"Democrat","Democrat","Democrat","Democrat"
"Ob41",2009-10-21,"Spalaga","North Waziristan",3,3,0,0,0,0,8,8,"http://www.thebureauinvestigates.com/2011/08/10/obama-2009-strikes/#Ob41",NA,"92",2009,"Democrat","Democrat","Democrat","Democrat"
"Ob42",2009-10-24,"Damadola","Bajaur Agency",20,30,0,0,0,0,8,8,"http://www.thebureauinvestigates.com/2011/08/10/obama-2009-strikes/#Ob42",NA,"93",2009,"Democrat","Democrat","Democrat","Democrat"
"Ob43",2009-11-05,"Norak","North Waziristan",4,6,0,0,0,0,8,8,"http://www.thebureauinvestigates.com/2011/08/10/obama-2009-strikes/#Ob43",NA,"94",2009,"Democrat","Democrat","Democrat","Democrat"
"Ob44",2009-11-18,"Shanakorah","North Waziristan",3,6,0,0,0,0,2,15,"http://www.thebureauinvestigates.com/2011/08/10/obama-2009-strikes/#Ob44",NA,"95",2009,"Democrat","Democrat","Democrat","Democrat"
"Ob45",2009-11-20,"Machi Khel","North Waziristan",3,14,3,3,1,1,2,12,"http://www.thebureauinvestigates.com/2011/08/10/obama-2009-strikes/#Ob45",NA,"96",2009,"Democrat","Democrat","Democrat","Democrat"
"Ob46",2009-12-08,"Spalaga","North Waziristan",3,4,0,0,0,0,3,3,"http://www.thebureauinvestigates.com/2011/08/10/obama-2009-strikes/#Ob46",NA,"97",2009,"Democrat","Democrat","Democrat","Democrat"
"Ob47",2009-12-10,"Ladha","South Waziristan",6,6,0,0,0,0,8,8,"http://www.thebureauinvestigates.com/2011/08/10/obama-2009-strikes/#Ob47",NA,"98",2009,"Democrat","Democrat","Democrat","Democrat"
"Ob48",2009-12-17,"Datta Khel","North Waziristan",2,2,0,0,0,0,0,0,"http://www.thebureauinvestigates.com/2011/08/10/obama-2009-strikes/#Ob48",NA,"99",2009,"Democrat","Democrat","Democrat","Democrat"
"Ob49",2009-12-17,"Ambar Shaga","North Waziristan",12,16,6,6,0,0,0,0,"http://www.thebureauinvestigates.com/2011/08/10/obama-2009-strikes/#Ob49",NA,"100",2009,"Democrat","Democrat","Democrat","Democrat"
"Ob50",2009-12-18,"Babrak Ziarat","North Waziristan",5,8,5,5,0,0,4,5,"http://www.thebureauinvestigates.com/2011/08/10/obama-2009-strikes/#Ob50",NA,"101",2009,"Democrat","Democrat","Democrat","Democrat"
"Ob51",2009-12-26,"Saidgai","North Waziristan",13,20,6,6,0,0,12,12,"http://www.thebureauinvestigates.com/2011/08/10/obama-2009-strikes/#Ob51",NA,"102",2009,"Democrat","Democrat","Democrat","Democrat"
"Ob52",2009-12-31,"Machi Khel","North Waziristan",3,7,3,3,1,1,2,2,"http://www.thebureauinvestigates.com/2011/08/10/obama-2009-strikes/#Ob52",NA,"103",2009,"Democrat","Democrat","Democrat","Democrat"
"Ob53",2010-01-01,"Ghundikala","North Waziristan",2,3,0,0,0,0,3,4,"http://www.thebureauinvestigates.com/2011/08/10/obama-2010-strikes/#Ob53","http://www.thebureauinvestigates.com/2011/08/10/obama-2010-strikes/#","104",2010,"Democrat","Democrat","Democrat","Democrat"
"Ob54",2010-01-03,"Mosaki","North Waziristan",5,5,1,2,1,1,2,2,"http://www.thebureauinvestigates.com/2011/08/10/obama-2010-strikes/#Ob54",NA,"105",2010,"Democrat","Democrat","Democrat","Democrat"
"Ob55",2010-01-06,"Sanzali","North Waziristan",5,7,0,6,0,0,5,5,"http://www.thebureauinvestigates.com/2011/08/10/obama-2010-strikes/#Ob55",NA,"106",2010,"Democrat","Democrat","Democrat","Democrat"
"Ob56",2010-01-06,"Sanzali","North Waziristan",5,9,5,5,0,0,3,3,"http://www.thebureauinvestigates.com/2011/08/10/obama-2010-strikes/#Ob56",NA,"107",2010,"Democrat","Democrat","Democrat","Democrat"
"Ob57",2010-01-08,"Tappi","North Waziristan",5,6,5,5,1,1,3,3,"http://www.thebureauinvestigates.com/2011/08/10/obama-2010-strikes/#Ob57",NA,"108",2010,"Democrat","Democrat","Democrat","Democrat"
"Ob58",2010-01-09,"Ismail Khel","North Waziristan",4,5,0,0,0,0,5,5,"http://www.thebureauinvestigates.com/2011/08/10/obama-2010-strikes/#Ob58",NA,"109",2010,"Democrat","Democrat","Democrat","Democrat"
"Ob59",2010-01-09,"Shaktoi","North Waziristan",15,18,0,0,0,0,7,14,"http://www.thebureauinvestigates.com/2011/08/10/obama-2010-strikes/#Ob59",NA,"110",2010,"Democrat","Democrat","Democrat","Democrat"
"Ob60",2010-01-15,"Zanani","North Waziristan",5,10,0,0,0,0,3,3,"http://www.thebureauinvestigates.com/2011/08/10/obama-2010-strikes/#Ob60",NA,"111",2010,"Democrat","Democrat","Democrat","Democrat"
"Ob61",2010-01-15,"Shaktoi","North Waziristan",6,10,0,0,0,0,0,0,"http://www.thebureauinvestigates.com/2011/08/10/obama-2010-strikes/#Ob61",NA,"112",2010,"Democrat","Democrat","Democrat","Democrat"
"Ob62",2010-01-17,"Shaktoi","North Waziristan",14,20,0,0,0,0,4,4,"http://www.thebureauinvestigates.com/2011/08/10/obama-2010-strikes/#Ob62",NA,"113",2010,"Democrat","Democrat","Democrat","Democrat"
"Ob63",2010-01-19,"Deegan","North Waziristan",5,9,0,0,0,0,4,4,"http://www.thebureauinvestigates.com/2011/08/10/obama-2010-strikes/#Ob63",NA,"114",2010,"Democrat","Democrat","Democrat","Democrat"
"Ob64",2010-01-29,"Mohammad Khel","North Waziristan",2,15,0,0,0,0,4,4,"http://www.thebureauinvestigates.com/2011/08/10/obama-2010-strikes/#Ob64",NA,"115",2010,"Democrat","Democrat","Democrat","Democrat"
"Ob65",2010-02-02,"Toor Narai","North Waziristan",23,24,0,0,0,0,0,0,"http://www.thebureauinvestigates.com/2011/08/10/obama-2010-strikes/#Ob65",NA,"116",2010,"Democrat","Democrat","Democrat","Democrat"
"Ob66",2010-02-02,"Deegan","North Waziristan",0,0,0,0,0,0,0,0,"http://www.thebureauinvestigates.com/2011/08/10/obama-2010-strikes/#Ob66",NA,"117",2010,"Democrat","Democrat","Democrat","Democrat"
"Ob67",2010-02-02,"Mohammad Khel","North Waziristan",0,0,0,0,0,0,0,0,"http://www.thebureauinvestigates.com/2011/08/10/obama-2010-strikes/#Ob67",NA,"118",2010,"Democrat","Democrat","Democrat","Democrat"
"Ob68",2010-02-02,"Pai Khel","North Waziristan",9,9,5,5,0,0,0,0,"http://www.thebureauinvestigates.com/2011/08/10/obama-2010-strikes/#Ob68",NA,"119",2010,"Democrat","Democrat","Democrat","Democrat"
"Ob69",2010-02-14,"Mir Ali","North Waziristan",5,7,0,0,0,0,4,4,"http://www.thebureauinvestigates.com/2011/08/10/obama-2010-strikes/#Ob69",NA,"120",2010,"Democrat","Democrat","Democrat","Democrat"
"Ob70",2010-02-15,"Tappi","North Waziristan",4,5,0,0,0,0,0,0,"http://www.thebureauinvestigates.com/2011/08/10/obama-2010-strikes/#Ob70",NA,"121",2010,"Democrat","Democrat","Democrat","Democrat"
"Ob71",2010-02-17,"Tabbi","North Waziristan",4,4,0,0,0,0,2,3,"http://www.thebureauinvestigates.com/2011/08/10/obama-2010-strikes/#Ob71",NA,"122",2010,"Democrat","Democrat","Democrat","Democrat"
"Ob72",2010-02-18,"Danda Darpakhel","North Waziristan",3,5,0,0,0,0,4,4,"http://www.thebureauinvestigates.com/2011/08/10/obama-2010-strikes/#Ob72",NA,"123",2010,"Democrat","Democrat","Democrat","Democrat"
"Ob73",2010-02-24,"Darga Mandi","North Waziristan",5,13,5,6,1,1,6,6,"http://www.thebureauinvestigates.com/2011/08/10/obama-2010-strikes/#Ob73",NA,"124",2010,"Democrat","Democrat","Democrat","Democrat"
"Ob74",2010-03-08,"Miram Shah","North Waziristan",9,9,0,0,0,0,2,2,"http://www.thebureauinvestigates.com/2011/08/10/obama-2010-strikes/#Ob74",NA,"125",2010,"Democrat","Democrat","Democrat","Democrat"
"Ob75",2010-03-10,"Mizar Madakhel","North Waziristan",7,8,0,0,0,0,12,12,"http://www.thebureauinvestigates.com/2011/08/10/obama-2010-strikes/#Ob75",NA,"126",2010,"Democrat","Democrat","Democrat","Democrat"
"Ob76",2010-03-10,"Mizar Madakhel","North Waziristan",7,7,4,7,0,0,0,0,"http://www.thebureauinvestigates.com/2011/08/10/obama-2010-strikes/#Ob76",NA,"127",2010,"Democrat","Democrat","Democrat","Democrat"
"Ob77",2010-03-16,"Datta Khel","North Waziristan",7,11,0,0,0,0,2,2,"http://www.thebureauinvestigates.com/2011/08/10/obama-2010-strikes/#Ob77",NA,"128",2010,"Democrat","Democrat","Democrat","Democrat"
"Ob78",2010-03-17,"Hamzoni","North Waziristan",3,5,0,0,0,0,4,4,"http://www.thebureauinvestigates.com/2011/08/10/obama-2010-strikes/#Ob78",NA,"129",2010,"Democrat","Democrat","Democrat","Democrat"
"Ob79",2010-03-17,"Mizar Madakhel","North Waziristan",5,5,0,0,0,0,0,0,"http://www.thebureauinvestigates.com/2011/08/10/obama-2010-strikes/#Ob79",NA,"130",2010,"Democrat","Democrat","Democrat","Democrat"
"Ob80",2010-03-21,"Inzar","North Waziristan",5,8,0,0,0,0,0,0,"http://www.thebureauinvestigates.com/2011/08/10/obama-2010-strikes/#Ob80",NA,"131",2010,"Democrat","Democrat","Democrat","Democrat"
"Ob81",2010-03-23,"Machis","North Waziristan",6,6,0,0,0,0,3,3,"http://www.thebureauinvestigates.com/2011/08/10/obama-2010-strikes/#Ob81",NA,"132",2010,"Democrat","Democrat","Democrat","Democrat"
"Ob82",2010-03-27,"Hurmuz","North Waziristan",4,4,0,4,0,0,5,5,"http://www.thebureauinvestigates.com/2011/08/10/obama-2010-strikes/#Ob82",NA,"133",2010,"Democrat","Democrat","Democrat","Democrat"
"Ob83",2010-03-31,"Tappi","North Waziristan",5,6,5,6,1,1,2,2,"http://www.thebureauinvestigates.com/2011/08/10/obama-2010-strikes/#Ob83",NA,"134",2010,"Democrat","Democrat","Democrat","Democrat"
"Ob84",2010-04-12,"Boya","North Waziristan",13,13,8,13,2,2,2,3,"http://www.thebureauinvestigates.com/2011/08/10/obama-2010-strikes/#Ob84",NA,"135",2010,"Democrat","Democrat","Democrat","Democrat"
"Ob85",2010-04-14,"Ambar Shaga","North Waziristan",4,5,0,0,0,0,1,3,"http://www.thebureauinvestigates.com/2011/08/10/obama-2010-strikes/#Ob85",NA,"136",2010,"Democrat","Democrat","Democrat","Democrat"
"Ob86",2010-04-16,"Toorikhel","North Waziristan",3,4,0,0,0,0,2,2,"http://www.thebureauinvestigates.com/2011/08/10/obama-2010-strikes/#Ob86",NA,"137",2010,"Democrat","Democrat","Democrat","Democrat"
"Ob87",2010-04-24,"Machi Khel","North Waziristan",7,9,0,0,0,0,0,0,"http://www.thebureauinvestigates.com/2011/08/10/obama-2010-strikes/#Ob87",NA,"138",2010,"Democrat","Democrat","Democrat","Democrat"
"Ob88",2010-04-26,"Khushali","North Waziristan",3,8,0,0,0,0,3,3,"http://www.thebureauinvestigates.com/2011/08/10/obama-2010-strikes/#Ob88",NA,"139",2010,"Democrat","Democrat","Democrat","Democrat"
"Ob89",2010-05-03,"Machi Khel","North Waziristan",4,6,0,2,0,0,0,0,"http://www.thebureauinvestigates.com/2011/08/10/obama-2010-strikes/#Ob89",NA,"140",2010,"Democrat","Democrat","Democrat","Democrat"
"Ob90",2010-05-09,"Datta Khel","North Waziristan",5,10,0,4,0,0,4,4,"http://www.thebureauinvestigates.com/2011/08/10/obama-2010-strikes/#Ob90",NA,"141",2010,"Democrat","Democrat","Democrat","Democrat"
"Ob91",2010-05-11,"Datta Khel","North Waziristan",8,14,0,4,0,0,12,12,"http://www.thebureauinvestigates.com/2011/08/10/obama-2010-strikes/#Ob91",NA,"142",2010,"Democrat","Democrat","Democrat","Democrat"
"Ob92",2010-05-11,"Gurwak","North Waziristan",7,15,0,0,0,0,4,4,"http://www.thebureauinvestigates.com/2011/08/10/obama-2010-strikes/#Ob92",NA,"143",2010,"Democrat","Democrat","Democrat","Democrat"
"Ob93",2010-05-15,"Khyber","Khyber Agency",5,15,0,2,0,0,15,15,"http://www.thebureauinvestigates.com/2011/08/10/obama-2010-strikes/#Ob93",NA,"144",2010,"Democrat","Democrat","Democrat","Democrat"
"Ob94",2010-05-21,"Boya","North Waziristan",11,11,10,10,7,7,7,10,"http://www.thebureauinvestigates.com/2011/08/10/obama-2010-strikes/#Ob94",NA,"145",2010,"Democrat","Democrat","Democrat","Democrat"
"Ob95",2010-05-28,"Mizai Nari","South Waziristan",8,12,0,11,0,0,4,4,"http://www.thebureauinvestigates.com/2011/08/10/obama-2010-strikes/#Ob95",NA,"146",2010,"Democrat","Democrat","Democrat","Democrat"
"Ob96",2010-06-10,"Norak","North Waziristan",2,7,4,4,0,0,3,3,"http://www.thebureauinvestigates.com/2011/08/10/obama-2010-strikes/#Ob96",NA,"147",2010,"Democrat","Democrat","Democrat","Democrat"
"Ob97",2010-06-11,"Maizer","North Waziristan",10,15,0,0,0,0,10,12,"http://www.thebureauinvestigates.com/2011/08/10/obama-2010-strikes/#Ob97",NA,"148",2010,"Democrat","Democrat","Democrat","Democrat"
"Ob98",2010-06-19,"Haider Khel","North Waziristan",16,17,0,0,0,0,10,18,"http://www.thebureauinvestigates.com/2011/08/10/obama-2010-strikes/#Ob98",NA,"149",2010,"Democrat","Democrat","Democrat","Democrat"
"Ob99",2010-06-26,"Khushali","North Waziristan",2,4,0,0,0,0,1,3,"http://www.thebureauinvestigates.com/2011/08/10/obama-2010-strikes/#Ob99",NA,"150",2010,"Democrat","Democrat","Democrat","Democrat"
"Ob100",2010-06-27,"Tabbi","North Waziristan",5,6,0,0,0,0,4,4,"http://www.thebureauinvestigates.com/2011/08/10/obama-2010-strikes/#Ob100",NA,"151",2010,"Democrat","Democrat","Democrat","Democrat"
"Ob101",2010-06-29,"Kari Kot","South Waziristan",7,10,0,0,0,0,1,4,"http://www.thebureauinvestigates.com/2011/08/10/obama-2010-strikes/#Ob101",NA,"152",2010,"Democrat","Democrat","Democrat","Democrat"
"Ob102",2010-07-15,"Sheerani","North Waziristan",9,14,0,7,0,0,3,3,"http://www.thebureauinvestigates.com/2011/08/10/obama-2010-strikes/#Ob102",NA,"153",2010,"Democrat","Democrat","Democrat","Democrat"
"Ob103",2010-07-24,"Dwasarak","South Waziristan",16,18,0,0,0,0,24,24,"http://www.thebureauinvestigates.com/2011/08/10/obama-2010-strikes/#Ob103",NA,"154",2010,"Democrat","Democrat","Democrat","Democrat"
"Ob104",2010-07-25,"Shaktoi","North Waziristan",14,32,0,0,0,0,7,12,"http://www.thebureauinvestigates.com/2011/08/10/obama-2010-strikes/#Ob104",NA,"155",2010,"Democrat","Democrat","Democrat","Democrat"
"Ob105",2010-07-25,"Tabbi","North Waziristan",4,12,0,0,0,0,2,4,"http://www.thebureauinvestigates.com/2011/08/10/obama-2010-strikes/#Ob105",NA,"156",2010,"Democrat","Democrat","Democrat","Democrat"
"Ob106",2010-07-25,"Sararogha","South Waziristan",4,4,0,0,0,0,5,5,"http://www.thebureauinvestigates.com/2011/08/10/obama-2010-strikes/#Ob106",NA,"157",2010,"Democrat","Democrat","Democrat","Democrat"
"Ob107",2010-08-14,"Issori","North Waziristan",13,14,7,7,1,1,5,6,"http://www.thebureauinvestigates.com/2011/08/10/obama-2010-strikes/#Ob107",NA,"158",2010,"Democrat","Democrat","Democrat","Democrat"
"Ob108",2010-08-21,"Qutab Khel","North Waziristan",4,6,0,4,0,0,2,2,"http://www.thebureauinvestigates.com/2011/08/10/obama-2010-strikes/#Ob108",NA,"159",2010,"Democrat","Democrat","Democrat","Democrat"
"Ob109",2010-08-23,"Danda Darpakhel","North Waziristan",20,20,7,9,3,3,15,15,"http://www.thebureauinvestigates.com/2011/08/10/obama-2010-strikes/#Ob109",NA,"160",2010,"Democrat","Democrat","Democrat","Democrat"
"Ob110",2010-08-23,"Darga Mandi","North Waziristan",5,7,0,0,0,0,3,12,"http://www.thebureauinvestigates.com/2011/08/10/obama-2010-strikes/#Ob110",NA,"161",2010,"Democrat","Democrat","Democrat","Democrat"
"Ob111",2010-08-27,"Shahidano","Kurram Agency",3,9,0,0,0,0,2,2,"http://www.thebureauinvestigates.com/2011/08/10/obama-2010-strikes/#Ob111",NA,"162",2010,"Democrat","Democrat","Democrat","Democrat"
"Ob112",2010-08-27,"Badshah Kot","Kurram Agency",0,0,0,0,0,0,0,0,"http://www.thebureauinvestigates.com/2011/08/10/obama-2010-strikes/#Ob112",NA,"163",2010,"Democrat","Democrat","Democrat","Democrat"
"Ob113",2010-08-27,"Taaloo Ganj","Kurram Agency",2,3,0,3,0,0,0,0,"http://www.thebureauinvestigates.com/2011/08/10/obama-2010-strikes/#Ob113",NA,"164",2010,"Democrat","Democrat","Democrat","Democrat"
"Ob114",2010-09-03,"Miram Shah","North Waziristan",6,9,0,0,0,0,2,3,"http://www.thebureauinvestigates.com/2011/08/10/obama-2010-strikes/#Ob114",NA,"165",2010,"Democrat","Democrat","Democrat","Democrat"
"Ob115",2010-09-03,"Datta Khel","North Waziristan",2,4,0,0,0,0,2,2,"http://www.thebureauinvestigates.com/2011/08/10/obama-2010-strikes/#Ob115",NA,"166",2010,"Democrat","Democrat","Democrat","Democrat"
"Ob116",2010-09-04,"Datta Khel","North Waziristan",7,8,0,0,0,0,12,12,"http://www.thebureauinvestigates.com/2011/08/10/obama-2010-strikes/#Ob116",NA,"167",2010,"Democrat","Democrat","Democrat","Democrat"
"Ob117",2010-09-06,"Khar Qamar","North Waziristan",3,6,0,0,0,0,1,1,"http://www.thebureauinvestigates.com/2011/08/10/obama-2010-strikes/#Ob117",NA,"168",2010,"Democrat","Democrat","Democrat","Democrat"
"Ob118",2010-09-08,"Danda Darpakhel","North Waziristan",5,10,4,4,4,4,2,2,"http://www.thebureauinvestigates.com/2011/08/10/obama-2010-strikes/#Ob118",NA,"169",2010,"Democrat","Democrat","Democrat","Democrat"
"Ob119",2010-09-08,"Ambar Shaga","North Waziristan",3,4,0,4,0,0,1,2,"http://www.thebureauinvestigates.com/2011/08/10/obama-2010-strikes/#Ob119",NA,"170",2010,"Democrat","Democrat","Democrat","Democrat"
"Ob120",2010-09-08,"Danda Darpakhel","North Waziristan",10,10,0,0,0,0,2,5,"http://www.thebureauinvestigates.com/2011/08/10/obama-2010-strikes/#Ob120",NA,"171",2010,"Democrat","Democrat","Democrat","Democrat"
"Ob121",2010-09-09,"Miram Shah","North Waziristan",3,6,0,0,0,0,3,5,"http://www.thebureauinvestigates.com/2011/08/10/obama-2010-strikes/#Ob121",NA,"172",2010,"Democrat","Democrat","Democrat","Democrat"
"Ob122",2010-09-12,"Newey Adda","North Waziristan",5,7,0,0,0,0,2,3,"http://www.thebureauinvestigates.com/2011/08/10/obama-2010-strikes/#Ob122",NA,"173",2010,"Democrat","Democrat","Democrat","Democrat"
"Ob123",2010-09-14,"Bushnarai","North Waziristan",11,12,0,0,0,0,4,4,"http://www.thebureauinvestigates.com/2011/08/10/obama-2010-strikes/#Ob123",NA,"174",2010,"Democrat","Democrat","Democrat","Democrat"
"Ob124",2010-09-14,"Qutab Khel","North Waziristan",1,4,0,0,0,0,4,4,"http://www.thebureauinvestigates.com/2011/08/10/obama-2010-strikes/#Ob124",NA,"175",2010,"Democrat","Democrat","Democrat","Democrat"
"Ob125",2010-09-15,"Darga Mandi","North Waziristan",11,15,5,5,0,0,1,5,"http://www.thebureauinvestigates.com/2011/08/10/obama-2010-strikes/#Ob125",NA,"176",2010,"Democrat","Democrat","Democrat","Democrat"
"Ob126",2010-09-15,"Pai Khel","North Waziristan",4,7,0,0,0,0,3,3,"http://www.thebureauinvestigates.com/2011/08/10/obama-2010-strikes/#Ob126",NA,"177",2010,"Democrat","Democrat","Democrat","Democrat"
"Ob127",2010-09-19,"Deegan","North Waziristan",3,9,5,5,0,0,0,0,"http://www.thebureauinvestigates.com/2011/08/10/obama-2010-strikes/#Ob127",NA,"178",2010,"Democrat","Democrat","Democrat","Democrat"
"Ob128",2010-09-20,"Darazinda","North Waziristan",3,6,0,3,0,0,0,0,"http://www.thebureauinvestigates.com/2011/08/10/obama-2010-strikes/#Ob128",NA,"179",2010,"Democrat","Democrat","Democrat","Democrat"
"Ob129",2010-09-21,"Khand Morsak","South Waziristan",7,8,0,0,0,0,4,5,"http://www.thebureauinvestigates.com/2011/08/10/obama-2010-strikes/#Ob129",NA,"180",2010,"Democrat","Democrat","Democrat","Democrat"
"Ob130",2010-09-21,"Azam Warsak","South Waziristan",0,16,0,0,0,0,0,0,"http://www.thebureauinvestigates.com/2011/08/10/obama-2010-strikes/#Ob130",NA,"181",2010,"Democrat","Democrat","Democrat","Democrat"
"Ob131",2010-09-25,"Datta Khel","North Waziristan",2,4,0,0,0,0,0,0,"http://www.thebureauinvestigates.com/2011/08/10/obama-2010-strikes/#Ob131",NA,"182",2010,"Democrat","Democrat","Democrat","Democrat"
"Ob132",2010-09-26,"Lawra Mandi","North Waziristan",4,5,0,0,0,0,2,2,"http://www.thebureauinvestigates.com/2011/08/10/obama-2010-strikes/#Ob132",NA,"183",2010,"Democrat","Democrat","Democrat","Democrat"
"Ob133",2010-09-26,"Miram Shah","North Waziristan",3,5,0,0,0,0,1,2,"http://www.thebureauinvestigates.com/2011/08/10/obama-2010-strikes/#Ob133",NA,"184",2010,"Democrat","Democrat","Democrat","Democrat"
"Ob134",2010-09-26,"Sheerani","North Waziristan",2,3,0,0,0,0,0,0,"http://www.thebureauinvestigates.com/2011/08/10/obama-2010-strikes/#Ob134",NA,"185",2010,"Democrat","Democrat","Democrat","Democrat"
"Ob135",2010-09-27,"Khushali","North Waziristan",3,4,0,0,0,0,0,0,"http://www.thebureauinvestigates.com/2011/08/10/obama-2010-strikes/#Ob135",NA,"186",2010,"Democrat","Democrat","Democrat","Democrat"
"Ob136",2010-09-28,"Zeba","South Waziristan",4,4,0,0,0,0,2,2,"http://www.thebureauinvestigates.com/2011/08/10/obama-2010-strikes/#Ob136",NA,"187",2010,"Democrat","Democrat","Democrat","Democrat"
"Ob137",2010-10-02,"Asar Village","North Waziristan",8,10,0,0,0,0,2,4,"http://www.thebureauinvestigates.com/2011/08/10/obama-2010-strikes/#Ob137",NA,"188",2010,"Democrat","Democrat","Democrat","Democrat"
"Ob138",2010-10-02,"Inzarkas","North Waziristan",7,14,0,0,0,0,2,2,"http://www.thebureauinvestigates.com/2011/08/10/obama-2010-strikes/#Ob138",NA,"189",2010,"Democrat","Democrat","Democrat","Democrat"
"Ob139",2010-10-04,"Mir Ali","North Waziristan",5,9,0,3,0,0,2,2,"http://www.thebureauinvestigates.com/2011/08/10/obama-2010-strikes/#Ob139",NA,"190",2010,"Democrat","Democrat","Democrat","Democrat"
"Ob140",2010-10-06,"Miram Shah","North Waziristan",5,11,0,0,0,0,4,4,"http://www.thebureauinvestigates.com/2011/08/10/obama-2010-strikes/#Ob140",NA,"191",2010,"Democrat","Democrat","Democrat","Democrat"
"Ob141",2010-10-06,"Hurmuz","North Waziristan",3,5,0,0,0,0,3,3,"http://www.thebureauinvestigates.com/2011/08/10/obama-2010-strikes/#Ob141",NA,"192",2010,"Democrat","Democrat","Democrat","Democrat"
"Ob142",2010-10-07,"Khaisoori","North Waziristan",4,4,0,0,0,0,2,2,"http://www.thebureauinvestigates.com/2011/08/10/obama-2010-strikes/#Ob142",NA,"193",2010,"Democrat","Democrat","Democrat","Democrat"
"Ob143",2010-10-08,"Mohammad Khel","North Waziristan",4,6,0,0,0,0,0,0,"http://www.thebureauinvestigates.com/2011/08/10/obama-2010-strikes/#Ob143",NA,"194",2010,"Democrat","Democrat","Democrat","Democrat"
"Ob144",2010-10-08,"Char Khel","North Waziristan",5,8,0,4,0,0,0,0,"http://www.thebureauinvestigates.com/2011/08/10/obama-2010-strikes/#Ob144",NA,"195",2010,"Democrat","Democrat","Democrat","Democrat"
"Ob145",2010-10-10,"Shiva","North Waziristan",4,9,0,0,0,0,3,3,"http://www.thebureauinvestigates.com/2011/08/10/obama-2010-strikes/#Ob145",NA,"196",2010,"Democrat","Democrat","Democrat","Democrat"
"Ob146",2010-10-13,"Datta Khel","North Waziristan",6,14,3,6,0,0,0,0,"http://www.thebureauinvestigates.com/2011/08/10/obama-2010-strikes/#Ob146",NA,"197",2010,"Democrat","Democrat","Democrat","Democrat"
"Ob147",2010-10-15,"Aziz Khel","North Waziristan",4,6,0,0,0,0,3,3,"http://www.thebureauinvestigates.com/2011/08/10/obama-2010-strikes/#Ob147",NA,"198",2010,"Democrat","Democrat","Democrat","Democrat"
"Ob148",2010-10-15,"Machi Khel","North Waziristan",3,5,0,0,0,0,0,0,"http://www.thebureauinvestigates.com/2011/08/10/obama-2010-strikes/#Ob148",NA,"199",2010,"Democrat","Democrat","Democrat","Democrat"
"Ob149",2010-10-18,"Datta Khel","North Waziristan",6,7,1,1,1,1,1,6,"http://www.thebureauinvestigates.com/2011/08/10/obama-2010-strikes/#Ob149",NA,"200",2010,"Democrat","Democrat","Democrat","Democrat"
"Ob150",2010-10-27,"Mir Ali","North Waziristan",2,5,0,0,0,0,1,1,"http://www.thebureauinvestigates.com/2011/08/10/obama-2010-strikes/#Ob150",NA,"201",2010,"Democrat","Democrat","Democrat","Democrat"
"Ob151",2010-10-27,"Deegan","North Waziristan",2,4,0,0,0,0,1,1,"http://www.thebureauinvestigates.com/2011/08/10/obama-2010-strikes/#Ob151",NA,"202",2010,"Democrat","Democrat","Democrat","Democrat"
"Ob152",2010-10-28,"Ismail Khel","North Waziristan",4,8,0,4,0,0,0,0,"http://www.thebureauinvestigates.com/2011/08/10/obama-2010-strikes/#Ob152",NA,"203",2010,"Democrat","Democrat","Democrat","Democrat"
"Ob153",2010-11-01,"Haider Khel","North Waziristan",5,6,0,0,0,0,2,2,"http://www.thebureauinvestigates.com/2011/08/10/obama-2010-strikes/#Ob153",NA,"204",2010,"Democrat","Democrat","Democrat","Democrat"
"Ob154",2010-11-03,"Qutab Khel","North Waziristan",4,5,0,0,0,0,0,0,"http://www.thebureauinvestigates.com/2011/08/10/obama-2010-strikes/#Ob154",NA,"205",2010,"Democrat","Democrat","Democrat","Democrat"
"Ob155",2010-11-03,"Khaso Khel","North Waziristan",4,5,0,0,0,0,0,0,"http://www.thebureauinvestigates.com/2011/08/10/obama-2010-strikes/#Ob155",NA,"206",2010,"Democrat","Democrat","Democrat","Democrat"
"Ob156",2010-11-03,"Pai Khel","North Waziristan",4,5,0,0,0,0,0,0,"http://www.thebureauinvestigates.com/2011/08/10/obama-2010-strikes/#Ob156",NA,"207",2010,"Democrat","Democrat","Democrat","Democrat"
"Ob157",2010-11-07,"Ghulam Khan","North Waziristan",8,9,0,0,0,0,2,2,"http://www.thebureauinvestigates.com/2011/08/10/obama-2010-strikes/#Ob157",NA,"208",2010,"Democrat","Democrat","Democrat","Democrat"
"Ob158",2010-11-07,"Datta Khel","North Waziristan",3,6,0,0,0,0,1,4,"http://www.thebureauinvestigates.com/2011/08/10/obama-2010-strikes/#Ob158",NA,"209",2010,"Democrat","Democrat","Democrat","Democrat"
"Ob159",2010-11-11,"Ghulam Khan","North Waziristan",5,8,0,0,0,0,5,6,"http://www.thebureauinvestigates.com/2011/08/10/obama-2010-strikes/#Ob159",NA,"210",2010,"Democrat","Democrat","Democrat","Democrat"
"Ob160",2010-11-13,"Miram Shah","North Waziristan",4,4,0,4,0,0,1,1,"http://www.thebureauinvestigates.com/2011/08/10/obama-2010-strikes/#Ob160",NA,"211",2010,"Democrat","Democrat","Democrat","Democrat"
"Ob161",2010-11-16,"Ghulam Khan","North Waziristan",20,20,0,9,0,0,0,0,"http://www.thebureauinvestigates.com/2011/08/10/obama-2010-strikes/#Ob161",NA,"212",2010,"Democrat","Democrat","Democrat","Democrat"
"Ob162",2010-11-19,"Norak","North Waziristan",2,4,0,0,0,0,1,1,"http://www.thebureauinvestigates.com/2011/08/10/obama-2010-strikes/#Ob162",NA,"213",2010,"Democrat","Democrat","Democrat","Democrat"
"Ob163",2010-11-21,"Khaddi","North Waziristan",5,9,0,3,0,0,0,0,"http://www.thebureauinvestigates.com/2011/08/10/obama-2010-strikes/#Ob163",NA,"214",2010,"Democrat","Democrat","Democrat","Democrat"
"Ob164",2010-11-22,"Khesoor","North Waziristan",3,6,0,0,0,0,2,3,"http://www.thebureauinvestigates.com/2011/08/10/obama-2010-strikes/#Ob164",NA,"215",2010,"Democrat","Democrat","Democrat","Democrat"
"Ob165",2010-11-26,"Pir Kelev","North Waziristan",2,4,1,4,1,1,0,0,"http://www.thebureauinvestigates.com/2011/08/10/obama-2010-strikes/#Ob165",NA,"216",2010,"Democrat","Democrat","Democrat","Democrat"
"Ob166",2010-11-28,"Hassan Khel","North Waziristan",0,4,0,0,0,0,0,0,"http://www.thebureauinvestigates.com/2011/08/10/obama-2010-strikes/#Ob166",NA,"217",2010,"Democrat","Democrat","Democrat","Democrat"
"Ob167",2010-12-06,"Khushali","North Waziristan",3,5,0,2,0,0,3,3,"http://www.thebureauinvestigates.com/2011/08/10/obama-2010-strikes/#Ob167",NA,"218",2010,"Democrat","Democrat","Democrat","Democrat"
"Ob168",2010-12-06,"Kushali","North Waziristan",2,4,0,0,0,0,0,0,"http://www.thebureauinvestigates.com/2011/08/10/obama-2010-strikes/#Ob168",NA,"219",2010,"Democrat","Democrat","Democrat","Democrat"
"Ob169",2010-12-10,"Khadar Khel","North Waziristan",4,4,0,0,0,0,2,2,"http://www.thebureauinvestigates.com/2011/08/10/obama-2010-strikes/#Ob169",NA,"220",2010,"Democrat","Democrat","Democrat","Democrat"
"Ob170",2010-12-14,"Spalaga","North Waziristan",3,4,0,4,0,0,0,0,"http://www.thebureauinvestigates.com/2011/08/10/obama-2010-strikes/#Ob170",NA,"221",2010,"Democrat","Democrat","Democrat","Democrat"
"Ob171",2010-12-16,"Tirah Valley","Khyber Agency",7,7,0,0,0,0,0,0,"http://www.thebureauinvestigates.com/2011/08/10/obama-2010-strikes/#Ob171",NA,"222",2010,"Democrat","Democrat","Democrat","Democrat"
"Ob172",2010-12-17,"Sandana","Khyber Agency",7,15,0,0,0,0,7,11,"http://www.thebureauinvestigates.com/2011/08/10/obama-2010-strikes/#Ob172",NA,"223",2010,"Democrat","Democrat","Democrat","Democrat"
"Ob173",2010-12-17,"Nakai","Khyber Agency",11,15,0,0,0,0,2,2,"http://www.thebureauinvestigates.com/2011/08/10/obama-2010-strikes/#Ob173",NA,"224",2010,"Democrat","Democrat","Democrat","Democrat"
"Ob174",2010-12-17,"Speen Drang","Khyber Agency",32,32,2,2,0,0,0,0,"http://www.thebureauinvestigates.com/2011/08/10/obama-2010-strikes/#Ob174",NA,"225",2010,"Democrat","Democrat","Democrat","Democrat"
"Ob175",2010-12-27,"Shera Tala","North Waziristan",18,22,0,0,0,0,0,0,"http://www.thebureauinvestigates.com/2011/08/10/obama-2010-strikes/#Ob175",NA,"226",2010,"Democrat","Democrat","Democrat","Democrat"
"Ob176",2010-12-27,"Machi Khel","North Waziristan",4,4,0,0,0,0,0,0,"http://www.thebureauinvestigates.com/2011/08/10/obama-2010-strikes/#Ob176",NA,"227",2010,"Democrat","Democrat","Democrat","Democrat"
"Ob177",2010-12-28,"Ghulam Khan","North Waziristan",5,7,0,0,0,0,2,2,"http://www.thebureauinvestigates.com/2011/08/10/obama-2010-strikes/#Ob177",NA,"228",2010,"Democrat","Democrat","Democrat","Democrat"
"Ob178",2010-12-28,"Ghulam Khan","North Waziristan",5,12,2,4,0,0,3,3,"http://www.thebureauinvestigates.com/2011/08/10/obama-2010-strikes/#Ob178",NA,"229",2010,"Democrat","Democrat","Democrat","Democrat"
"Ob179",2010-12-28,"Ghulam Khan","North Waziristan",9,10,0,0,0,0,6,6,"http://www.thebureauinvestigates.com/2011/08/10/obama-2010-strikes/#Ob179",NA,"230",2010,"Democrat","Democrat","Democrat","Democrat"
"Ob180",2010-12-31,"Ghulam Khan","North Waziristan",4,8,0,0,0,0,0,0,"http://www.thebureauinvestigates.com/2011/08/10/obama-2010-strikes/#Ob180",NA,"231",2010,"Democrat","Democrat","Democrat","Democrat"
"Ob181",2011-01-01,"Mandi Khel","North Waziristan",8,10,0,0,0,0,0,0,"http://www.thebureauinvestigates.com/2011/08/10/obama-2011-strikes/#Ob181","http://www.thebureauinvestigates.com/2011/08/10/obama-2011-strikes/#","232",2011,"Republican","Democrat","Democrat","No"
"Ob182",2011-01-01,"Mandi Khel","North Waziristan",4,6,0,0,0,0,0,0,"http://www.thebureauinvestigates.com/2011/08/10/obama-2011-strikes/#Ob182",NA,"233",2011,"Republican","Democrat","Democrat","No"
"Ob183",2011-01-01,"Datta Khel","North Waziristan",4,5,0,0,0,0,0,0,"http://www.thebureauinvestigates.com/2011/08/10/obama-2011-strikes/#Ob183",NA,"234",2011,"Republican","Democrat","Democrat","No"
"Ob184",2011-01-01,"Boya","North Waziristan",4,4,0,0,0,0,4,4,"http://www.thebureauinvestigates.com/2011/08/10/obama-2011-strikes/#Ob184",NA,"235",2011,"Republican","Democrat","Democrat","No"
"Ob185",2011-01-07,"Ghar Laley","North Waziristan",1,6,0,0,0,0,0,0,"http://www.thebureauinvestigates.com/2011/08/10/obama-2011-strikes/#Ob185",NA,"236",2011,"Republican","Democrat","Democrat","No"
"Ob186",2011-01-12,"Haider Khel","North Waziristan",3,6,0,0,0,0,2,15,"http://www.thebureauinvestigates.com/2011/08/10/obama-2011-strikes/#Ob186",NA,"237",2011,"Republican","Democrat","Democrat","No"
"Ob187",2011-01-18,"Assar Madd Khel, Datta Khel","North Waziristan",3,7,0,0,0,0,3,3,"http://www.thebureauinvestigates.com/2011/08/10/obama-2011-strikes/#Ob187",NA,"238",2011,"Republican","Democrat","Democrat","No"
"Ob188",2011-01-23,"Doga Mada Khel","North Waziristan",2,5,0,0,0,0,0,0,"http://www.thebureauinvestigates.com/2011/08/10/obama-2011-strikes/#Ob188",NA,"239",2011,"Republican","Democrat","Democrat","No"
"Ob189",2011-01-23,"Doga Mada Khel","North Waziristan",2,3,0,0,0,0,0,0,"http://www.thebureauinvestigates.com/2011/08/10/obama-2011-strikes/#Ob189",NA,"240",2011,"Republican","Democrat","Democrat","No"
"Ob190",2011-01-23,"Razmak","North Waziristan",4,6,0,0,0,0,3,3,"http://www.thebureauinvestigates.com/2011/08/10/obama-2011-strikes/#Ob190",NA,"241",2011,"Republican","Democrat","Democrat","No"
"Ob191",2011-02-20,"Kazha Punga area, Tehsil Birmal","South Waziristan",6,8,0,0,0,0,2,2,"http://www.thebureauinvestigates.com/2011/08/10/obama-2011-strikes/#Ob191",NA,"242",2011,"Republican","Democrat","Democrat","No"
"Ob192",2011-02-21,"Malik Jashdar","North Waziristan",7,14,0,11,0,0,10,10,"http://www.thebureauinvestigates.com/2011/08/10/obama-2011-strikes/#Ob192",NA,"243",2011,"Republican","Democrat","Democrat","No"
"Ob193",2011-02-24,"Mohammad Khel","North Waziristan",4,7,0,0,0,0,3,2,"http://www.thebureauinvestigates.com/2011/08/10/obama-2011-strikes/#Ob193",NA,"244",2011,"Republican","Democrat","Democrat","No"
"Ob194",2011-03-08,"Landidog","South Waziristan",2,5,0,5,0,0,2,2,"http://www.thebureauinvestigates.com/2011/08/10/obama-2011-strikes/#Ob194",NA,"245",2011,"Republican","Democrat","Democrat","No"
"Ob195",2011-03-09,"Datta Khel","North Waziristan",5,5,0,0,0,0,2,3,"http://www.thebureauinvestigates.com/2011/08/10/obama-2011-strikes/#Ob195",NA,"246",2011,"Republican","Democrat","Democrat","No"
"Ob196",2011-03-11,"Khesoor","North Waziristan",4,12,5,5,0,0,0,0,"http://www.thebureauinvestigates.com/2011/08/10/obama-2011-strikes/#Ob196",NA,"247",2011,"Republican","Democrat","Democrat","No"
"Ob197",2011-03-11,"Ghoroski","North Waziristan",4,4,0,0,0,0,0,0,"http://www.thebureauinvestigates.com/2011/08/10/obama-2011-strikes/#Ob197",NA,"248",2011,"Republican","Democrat","Democrat","No"
"Ob198",2011-03-13,"Azam Warsak","South Waziristan",0,4,0,0,0,0,0,5,"http://www.thebureauinvestigates.com/2011/08/10/obama-2011-strikes/#Ob198",NA,"249",2011,"Republican","Democrat","Democrat","No"
"Ob199",2011-03-13,"Ishar Morr area, Qutab Khel, Miranshah","North Waziristan",4,7,0,0,0,0,5,5,"http://www.thebureauinvestigates.com/2011/08/10/obama-2011-strikes/#Ob199",NA,"250",2011,"Republican","Democrat","Democrat","No"
"Ob200",2011-03-14,"Malik Jashdar","North Waziristan",3,6,0,0,0,0,0,0,"http://www.thebureauinvestigates.com/2011/08/10/obama-2011-strikes/#Ob200",NA,"251",2011,"Republican","Democrat","Democrat","No"
"Ob201",2011-03-16,"Datta Khel","North Waziristan",3,5,0,0,0,0,0,0,"http://www.thebureauinvestigates.com/2011/08/10/obama-2011-strikes/#Ob201",NA,"252",2011,"Republican","Democrat","Democrat","No"
"Ob202",2011-03-17,"Datta Khel","North Waziristan",26,42,19,41,0,1,9,14,"http://www.thebureauinvestigates.com/2011/08/10/obama-2011-strikes/#Ob202",NA,"253",2011,"Republican","Democrat","Democrat","No"
"Ob203",2011-04-13,"Angor Adda","South Waziristan",4,7,0,7,0,0,6,10,"http://www.thebureauinvestigates.com/2011/08/10/obama-2011-strikes/#Ob203",NA,"254",2011,"Republican","Democrat","Democrat","No"
"Ob204",2011-04-22,"Spinwan","North Waziristan",20,26,5,9,3,5,5,10,"http://www.thebureauinvestigates.com/2011/08/10/obama-2011-strikes/#Ob204",NA,"255",2011,"Republican","Democrat","Democrat","No"
"Ob205",2011-05-06,"Dwa Tooe","North Waziristan",7,18,6,6,0,0,4,4,"http://www.thebureauinvestigates.com/2011/08/10/obama-2011-strikes/#Ob205",NA,"256",2011,"Republican","Democrat","Democrat","No"
"Ob206",2011-05-10,"Angor Adda","South Waziristan",3,5,0,0,0,0,4,4,"http://www.thebureauinvestigates.com/2011/08/10/obama-2011-strikes/#Ob206",NA,"257",2011,"Republican","Democrat","Democrat","No"
"Ob207",2011-05-12,"Datta Khel","North Waziristan",5,8,0,0,0,0,1,1,"http://www.thebureauinvestigates.com/2011/08/10/obama-2011-strikes/#Ob207",NA,"258",2011,"Republican","Democrat","Democrat","No"
"Ob208",2011-05-13,"Doga Mada Khel","North Waziristan",3,5,0,0,0,0,0,0,"http://www.thebureauinvestigates.com/2011/08/10/obama-2011-strikes/#Ob208",NA,"259",2011,"Republican","Democrat","Democrat","No"
"Ob209",2011-05-16,"Khushali Village, Mir Ail","North Waziristan",4,10,0,0,0,0,2,4,"http://www.thebureauinvestigates.com/2011/08/10/obama-2011-strikes/#Ob209",NA,"260",2011,"Republican","Democrat","Democrat","No"
"Ob210",2011-05-16,"Khisoor Village, Mir Ali","North Waziristan",3,6,0,0,0,0,0,0,"http://www.thebureauinvestigates.com/2011/08/10/obama-2011-strikes/#Ob210",NA,"261",2011,"Republican","Democrat","Democrat","No"
"Ob211",2011-05-20,"Tappi","North Waziristan",4,6,0,0,0,0,0,0,"http://www.thebureauinvestigates.com/2011/08/10/obama-2011-strikes/#Ob211",NA,"262",2011,"Republican","Democrat","Democrat","No"
"Ob212",2011-05-23,"Mir Ali","North Waziristan",4,7,0,0,0,0,2,2,"http://www.thebureauinvestigates.com/2011/08/10/obama-2011-strikes/#Ob212",NA,"263",2011,"Republican","Democrat","Democrat","No"
"Ob213",2011-06-03,"Ghwa Khwa","South Waziristan",5,12,0,0,0,0,1,3,"http://www.thebureauinvestigates.com/2011/08/10/obama-2011-strikes/#Ob213",NA,"264",2011,"Republican","Democrat","Democrat","No"
"Ob214",2011-06-06,"Tigger, Toji Khel Wazir","South Waziristan",7,9,0,0,0,0,2,2,"http://www.thebureauinvestigates.com/2011/08/10/obama-2011-strikes/#Ob214",NA,"265",2011,"Republican","Democrat","Democrat","No"
"Ob215",2011-06-06,"Wacha Dana","South Waziristan",8,10,0,7,0,0,3,3,"http://www.thebureauinvestigates.com/2011/08/10/obama-2011-strikes/#Ob215",NA,"266",2011,"Republican","Democrat","Democrat","No"
"Ob216",2011-06-06,"Darnashtra","South Waziristan",3,5,0,0,0,0,0,0,"http://www.thebureauinvestigates.com/2011/08/10/obama-2011-strikes/#Ob216",NA,"267",2011,"Republican","Democrat","Democrat","No"
"Ob217",2011-06-08,"Zoynari","South Waziristan",18,23,0,0,0,0,6,6,"http://www.thebureauinvestigates.com/2011/08/10/obama-2011-strikes/#Ob217",NA,"268",2011,"Republican","Democrat","Democrat","No"
"Ob218",2011-06-08,"Shawal","South Waziristan",4,4,0,0,0,0,0,0,"http://www.thebureauinvestigates.com/2011/08/10/obama-2011-strikes/#Ob218",NA,"269",2011,"Republican","Democrat","Democrat","No"
"Ob219",2011-06-15,"Wana","South Waziristan",2,10,0,0,0,0,2,2,"http://www.thebureauinvestigates.com/2011/08/10/obama-2011-strikes/#Ob219",NA,"270",2011,"Republican","Democrat","Democrat","No"
"Ob220",2011-06-15,"Karez","South Waziristan",0,0,0,0,0,0,0,0,"http://www.thebureauinvestigates.com/2011/08/10/obama-2011-strikes/#Ob220",NA,"271",2011,"Republican","Democrat","Democrat","No"
"Ob221",2011-06-15,"Mir Ali","North Waziristan",5,6,5,6,0,0,0,0,"http://www.thebureauinvestigates.com/2011/08/10/obama-2011-strikes/#Ob221",NA,"272",2011,"Republican","Democrat","Democrat","No"
"Ob222",2011-06-20,"Khardand","Kurram Agency",5,7,2,7,0,0,0,3,"http://www.thebureauinvestigates.com/2011/08/10/obama-2011-strikes/#Ob222",NA,"273",2011,"Republican","Democrat","Democrat","No"
"Ob223",2011-06-20,"Zarakai","Kurram Agency",2,5,0,0,0,0,0,0,"http://www.thebureauinvestigates.com/2011/08/10/obama-2011-strikes/#Ob223",NA,"274",2011,"Republican","Democrat","Democrat","No"
"Ob224",2011-06-27,"Shawal","South Waziristan",6,12,0,0,0,0,0,0,"http://www.thebureauinvestigates.com/2011/08/10/obama-2011-strikes/#Ob224",NA,"275",2011,"Republican","Democrat","Democrat","No"
"Ob225",2011-06-27,"Shakai","South Waziristan",12,21,0,20,0,0,2,2,"http://www.thebureauinvestigates.com/2011/08/10/obama-2011-strikes/#Ob225",NA,"276",2011,"Republican","Democrat","Democrat","No"
"Ob226",2011-07-05,"Mir Ali","North Waziristan",4,6,0,3,0,2,5,5,"http://www.thebureauinvestigates.com/2011/08/10/obama-2011-strikes/#Ob226",NA,"277",2011,"Republican","Democrat","Democrat","No"
"Ob227",2011-07-11,"Gurwak","North Waziristan",4,12,0,0,0,0,2,2,"http://www.thebureauinvestigates.com/2011/08/10/obama-2011-strikes/#Ob227",NA,"278",2011,"Republican","Democrat","Democrat","No"
"Ob228",2011-07-12,"Gurwak","North Waziristan",12,25,0,0,0,0,0,0,"http://www.thebureauinvestigates.com/2011/08/10/obama-2011-strikes/#Ob228",NA,"279",2011,"Republican","Democrat","Democrat","No"
"Ob229",2011-07-12,"Barmal","South Waziristan",5,13,0,0,0,0,3,5,"http://www.thebureauinvestigates.com/2011/08/10/obama-2011-strikes/#Ob229",NA,"280",2011,"Republican","Democrat","Democrat","No"
"Ob230",2011-07-12,"Datta Khel","North Waziristan",13,15,0,4,0,0,0,0,"http://www.thebureauinvestigates.com/2011/08/10/obama-2011-strikes/#Ob230",NA,"281",2011,"Republican","Democrat","Democrat","No"
"Ob231",2011-07-12,"Datta Khel","North Waziristan",1,9,1,1,0,0,3,5,"http://www.thebureauinvestigates.com/2011/08/10/obama-2011-strikes/#Ob231",NA,"282",2011,"Republican","Democrat","Democrat","No"
"Ob232",2011-07-20,"Mir Ali","North Waziristan",4,4,0,0,0,0,2,2,"http://www.thebureauinvestigates.com/2011/08/10/obama-2011-strikes/#Ob232",NA,"283",2011,"Republican","Democrat","Democrat","No"
"Ob233",2011-08-01,"Azam Warsak","South Waziristan",3,6,0,6,0,0,2,7,"http://www.thebureauinvestigates.com/2011/08/10/obama-2011-strikes/#Ob233",NA,"284",2011,"Republican","Democrat","Democrat","No"
"Ob234",2011-08-02,"Qutab Khel","North Waziristan",3,4,0,0,0,0,0,0,"http://www.thebureauinvestigates.com/2011/08/10/obama-2011-strikes/#Ob234",NA,"285",2011,"Republican","Democrat","Democrat","No"
"Ob235",2011-08-10,"Miram Shah","North Waziristan",8,25,0,0,0,0,3,8,"http://www.thebureauinvestigates.com/2011/08/10/obama-2011-strikes/#Ob235",NA,"286",2011,"Republican","Democrat","Democrat","No"
"Ob236",2011-08-16,"Miram Shah","North Waziristan",2,7,3,4,1,1,2,2,"http://www.thebureauinvestigates.com/2011/08/10/obama-2011-strikes/#Ob236",NA,"287",2011,"Republican","Democrat","Democrat","No"
"Ob237",2011-08-19,"Shin Warsak","South Waziristan",3,4,0,0,0,0,2,2,"http://www.thebureauinvestigates.com/2011/08/10/obama-2011-strikes/#Ob237",NA,"288",2011,"Republican","Democrat","Democrat","No"
"Ob238",2011-08-22,"Mir Koon Khel, Mir Ali","North Waziristan",3,7,0,4,0,0,3,3,"http://www.thebureauinvestigates.com/2011/08/10/obama-2011-strikes/#Ob238",NA,"289",2011,"Republican","Democrat","Democrat","No"
"Ob239",2011-09-11,"Hisokhel","North Waziristan",1,5,0,0,0,0,1,3,"http://www.thebureauinvestigates.com/2011/08/10/obama-2011-strikes/#Ob239",NA,"290",2011,"Republican","Democrat","Democrat","No"
"Ob240",2011-09-23,"Khushali","North Waziristan",3,8,0,0,0,0,3,4,"http://www.thebureauinvestigates.com/2011/08/10/obama-2011-strikes/#Ob240",NA,"291",2011,"Republican","Democrat","Democrat","No"
"Ob241",2011-09-27,"Azam Warsak","South Waziristan",0,4,0,0,0,0,0,2,"http://www.thebureauinvestigates.com/2011/08/10/obama-2011-strikes/#Ob241",NA,"292",2011,"Republican","Democrat","Democrat","No"
"Ob242",2011-09-30,"Baghar","South Waziristan",3,4,0,0,0,0,1,5,"http://www.thebureauinvestigates.com/2011/08/10/obama-2011-strikes/#Ob242",NA,"293",2011,"Republican","Democrat","Democrat","No"
"Ob243",2011-10-13,"Danda Darpakhel","North Waziristan",1,6,0,0,0,0,4,4,"http://www.thebureauinvestigates.com/2011/08/10/obama-2011-strikes/#Ob243",NA,"294",2011,"Republican","Democrat","Democrat","No"
"Ob244",2011-10-13,"Chashma Nala, Birmal","South Waziristan",3,6,0,0,0,0,3,3,"http://www.thebureauinvestigates.com/2011/08/10/obama-2011-strikes/#Ob244",NA,"295",2011,"Republican","Democrat","Democrat","No"
"Ob245",2011-10-14,"Danda Darpakhel","North Waziristan",3,6,0,0,0,0,0,0,"http://www.thebureauinvestigates.com/2011/08/10/obama-2011-strikes/#Ob245",NA,"296",2011,"Republican","Democrat","Democrat","No"
"Ob246",2011-10-15,"Angor Adda","South Waziristan",3,6,0,0,0,0,3,7,"http://www.thebureauinvestigates.com/2011/08/10/obama-2011-strikes/#Ob246",NA,"297",2011,"Republican","Democrat","Democrat","No"
"Ob247",2011-10-26,"Shana Wana, Birmal","South Waziristan",13,22,0,0,0,0,6,6,"http://www.thebureauinvestigates.com/2011/08/10/obama-2011-strikes/#Ob247",NA,"298",2011,"Republican","Democrat","Democrat","No"
"Ob248",2011-10-27,"Azam Warsak","South Waziristan",4,6,0,0,0,0,3,4,"http://www.thebureauinvestigates.com/2011/08/10/obama-2011-strikes/#Ob248",NA,"299",2011,"Republican","Democrat","Democrat","No"
"Ob249",2011-10-27,"Hisokhel","North Waziristan",4,6,0,0,0,0,3,3,"http://www.thebureauinvestigates.com/2011/08/10/obama-2011-strikes/#Ob249",NA,"300",2011,"Republican","Democrat","Democrat","No"
"Ob250",2011-10-30,"Khar Khama, Datta Khel","North Waziristan",4,6,4,4,0,0,2,3,"http://www.thebureauinvestigates.com/2011/08/10/obama-2011-strikes/#Ob250",NA,"301",2011,"Republican","Democrat","Democrat","No"
"Ob251",2011-10-31,"Norak","North Waziristan",2,4,2,2,2,2,3,3,"http://www.thebureauinvestigates.com/2011/08/10/obama-2011-strikes/#Ob251",NA,"302",2011,"Republican","Democrat","Democrat","No"
"Ob252",2011-11-03,"Sarai Darpa Khel, Miranshah","North Waziristan",2,3,0,0,0,0,3,3,"http://www.thebureauinvestigates.com/2011/08/10/obama-2011-strikes/#Ob252",NA,"303",2011,"Republican","Democrat","Democrat","No"
"Ob253",2011-11-15,"Miram Shah","North Waziristan",3,7,0,0,0,0,2,4,"http://www.thebureauinvestigates.com/2011/08/10/obama-2011-strikes/#Ob253",NA,"304",2011,"Republican","Democrat","Democrat","No"
"Ob254",2011-11-16,"Babar Ghar","South Waziristan",4,22,0,0,0,0,6,12,"http://www.thebureauinvestigates.com/2011/08/10/obama-2011-strikes/#Ob254",NA,"305",2011,"Republican","Democrat","Democrat","No"
"Ob255",2011-11-17,"Shawal","North Waziristan",7,9,0,0,0,0,3,5,"http://www.thebureauinvestigates.com/2011/08/10/obama-2011-strikes/#Ob255",NA,"306",2011,"Republican","Democrat","Democrat","No"
"Ob256",2012-01-10,"Miram Shah","North Waziristan",1,4,0,0,0,0,2,2,"http://www.thebureauinvestigates.com/2012/01/11/obama-2012-strikes/#Ob256","http://www.thebureauinvestigates.com/2012/01/11/obama-2012-strikes/#","307",2012,"Republican","Democrat","Democrat","No"
"Ob257",2012-01-12,"Datta Khel","North Waziristan",5,9,0,0,0,0,2,3,"http://www.thebureauinvestigates.com/2012/01/11/obama-2012-strikes/#Ob257",NA,"308",2012,"Republican","Democrat","Democrat","No"
"Ob258",2012-01-23,"Deegan","North Waziristan",2,5,0,0,0,0,1,3,"http://www.thebureauinvestigates.com/2012/01/11/obama-2012-strikes/#Ob258",NA,"309",2012,"Republican","Democrat","Democrat","No"
"Ob259",2012-01-23,"Char Khel, Datta Khel","North Waziristan",0,2,0,0,0,0,0,0,"http://www.thebureauinvestigates.com/2012/01/11/obama-2012-strikes/#Ob259",NA,"310",2012,"Republican","Democrat","Democrat","No"
"Ob260",2012-02-08,"Miranshah","North Waziristan",9,10,0,0,0,0,2,12,"http://www.thebureauinvestigates.com/2012/01/11/obama-2012-strikes/#Ob260",NA,"311",2012,"Republican","Democrat","Democrat","No"
"Ob261",2012-02-09,"Miranshah","North Waziristan",3,8,0,3,0,1,3,3,"http://www.thebureauinvestigates.com/2012/01/11/obama-2012-strikes/#Ob261",NA,"312",2012,"Republican","Democrat","Democrat","No"
"Ob262",2012-02-16,"Miranshah","North Waziristan",5,6,0,0,0,0,4,7,"http://www.thebureauinvestigates.com/2012/01/11/obama-2012-strikes/#Ob262",NA,"313",2012,"Republican","Democrat","Democrat","No"
"Ob263",2012-02-16,"Jalar Zakar Khel, Mir Ali","North Waziristan",8,15,0,0,0,0,3,3,"http://www.thebureauinvestigates.com/2012/01/11/obama-2012-strikes/#Ob263",NA,"314",2012,"Republican","Democrat","Democrat","No"
"Ob264",2012-03-09,"Shaktoi Mandao","South Waziristan",4,15,0,0,0,0,0,3,"http://www.thebureauinvestigates.com/2012/01/11/obama-2012-strikes/#Ob264",NA,"315",2012,"Republican","Democrat","Democrat","No"
"Ob265",2012-03-09,"Nishpa","South Waziristan",6,6,0,0,0,0,0,0,"http://www.thebureauinvestigates.com/2012/01/11/obama-2012-strikes/#Ob265",NA,"316",2012,"Republican","Democrat","Democrat","No"
"Ob266",2012-03-13,"Wagdalai, Tehsil Birmal","South Waziristan",6,8,0,0,0,0,2,4,"http://www.thebureauinvestigates.com/2012/01/11/obama-2012-strikes/#Ob266",NA,"317",2012,"Republican","Democrat","Democrat","No"
"Ob267",2012-03-13,"Shawa","North/South Waziristan",6,7,0,0,0,0,3,3,"http://www.thebureauinvestigates.com/2012/01/11/obama-2012-strikes/#Ob267",NA,"318",2012,"Republican","Democrat","Democrat","No"
"Ob268",2012-03-30,"Sarai Bazaar, Miranshah","North Waziristan",3,4,0,0,0,0,3,3,"http://www.thebureauinvestigates.com/2012/01/11/obama-2012-strikes/#Ob268",NA,"319",2012,"Republican","Democrat","Democrat","No"
"Ob269",2012-04-29,"Miranshah Bazaar","North Waziristan",3,6,0,0,0,0,1,3,"http://www.thebureauinvestigates.com/2012/01/11/obama-2012-strikes/#Ob269",NA,"320",2012,"Republican","Democrat","Democrat","No"
"Ob270",2012-05-05,"Guldar Kot, Dre Nishtar area","North Waziristan",8,10,0,0,0,0,1,3,"http://www.thebureauinvestigates.com/2012/01/11/obama-2012-strikes/#Ob270",NA,"321",2012,"Republican","Democrat","Democrat","No"
"Ob271",2012-05-23,"Datta Khel Kalai","North Waziristan",1,5,0,0,0,0,1,2,"http://www.thebureauinvestigates.com/2012/01/11/obama-2012-strikes/#Ob271",NA,"322",2012,"Republican","Democrat","Democrat","No"
"Ob272",2012-05-24,"Khassokhel near Mir Ali","North Waziristan",5,12,0,8,0,0,3,4,"http://www.thebureauinvestigates.com/2012/01/11/obama-2012-strikes/#Ob272",NA,"323",2012,"Republican","Democrat","Democrat","No"
"Ob273",2012-05-26,"Miranshah","North Waziristan",1,4,0,0,0,0,1,2,"http://www.thebureauinvestigates.com/2012/01/11/obama-2012-strikes/#Ob273",NA,"324",2012,"Republican","Democrat","Democrat","No"
"Ob274",2012-05-28,"Khassokhel near Mir Ali","North Waziristan",4,10,0,0,0,0,4,4,"http://www.thebureauinvestigates.com/2012/01/11/obama-2012-strikes/#Ob274",NA,"325",2012,"Republican","Democrat","Democrat","No"
"Ob275",2012-05-28,"Degan, Datta Khel","North Waziristan",2,5,0,0,0,0,0,0,"http://www.thebureauinvestigates.com/2012/01/11/obama-2012-strikes/#Ob275",NA,"326",2012,"Republican","Democrat","Democrat","No"
"Ob276",2012-06-02,"Khawashi Khel, near Wana","South Waziristan",2,4,0,0,0,0,0,0,"http://www.thebureauinvestigates.com/2012/01/11/obama-2012-strikes/#Ob276",NA,"327",2012,"Republican","Democrat","Democrat","No"
"Ob277",2012-06-03,"Landai Warai, Tehsil Birmal","South Waziristan",0,10,0,0,0,0,4,10,"http://www.thebureauinvestigates.com/2012/01/11/obama-2012-strikes/#Ob277",NA,"328",2012,"Republican","Democrat","Democrat","No"
"Ob278",2012-06-04,"Khushali, Tehsil Mir Ali","North Waziristan",14,18,0,6,0,0,3,6,"http://www.thebureauinvestigates.com/2012/01/11/obama-2012-strikes/#Ob278",NA,"329",2012,"Republican","Democrat","Democrat","No"
"Ob279",2012-06-13,"Isha, near Miranshah","North Waziristan",2,4,0,0,0,0,0,0,"http://www.thebureauinvestigates.com/2012/01/11/obama-2012-strikes/#Ob279",NA,"330",2012,"Republican","Democrat","Democrat","No"
"Ob280",2012-06-14,"Miranshah","North Waziristan",1,4,0,0,0,0,2,3,"http://www.thebureauinvestigates.com/2012/01/11/obama-2012-strikes/#Ob280",NA,"331",2012,"Republican","Democrat","Democrat","No"
"Ob281",2012-06-26,"Shawal","North Waziristan",4,7,0,0,0,0,2,7,"http://www.thebureauinvestigates.com/2012/01/11/obama-2012-strikes/#Ob281",NA,"332",2012,"Republican","Democrat","Democrat","No"
"Ob282",2012-07-01,"Dre Nishter/Shawal","North Waziristan",6,9,0,0,0,0,2,3,"http://www.thebureauinvestigates.com/2012/01/11/obama-2012-strikes/#Ob282",NA,"333",2012,"Republican","Democrat","Democrat","No"
"Ob283",2012-07-06,"Maizer","North Waziristan",13,24,3,18,0,0,2,22,"http://www.thebureauinvestigates.com/2012/01/11/obama-2012-strikes/#Ob283",NA,"334",2012,"Republican","Democrat","Democrat","No"
"Ob284",2012-07-23,"Dre Nishter/Shawal","North Waziristan",11,14,6,14,0,0,2,11,"http://www.thebureauinvestigates.com/2012/01/11/obama-2012-strikes/#Ob284",NA,"335",2012,"Republican","Democrat","Democrat","No"
"Ob285",2012-07-29,"Kushhali Turkhel","North Waziristan",4,7,0,3,0,0,4,4,"http://www.thebureauinvestigates.com/2012/01/11/obama-2012-strikes/#Ob285",NA,"336",2012,"Republican","Democrat","Democrat","No"
"Ob286",2012-08-18,"Mammon Narai, Shuweda","North Waziristan",5,12,1,1,0,0,2,9,"http://www.thebureauinvestigates.com/2012/01/11/obama-2012-strikes/#Ob286",NA,"337",2012,"Republican","Democrat","Democrat","No"
"Ob287",2012-08-19,"Mana, Shawal","North Waziristan",4,7,0,0,0,0,2,3,"http://www.thebureauinvestigates.com/2012/01/11/obama-2012-strikes/#Ob287",NA,"338",2012,"Republican","Democrat","Democrat","No"
"Ob288",2012-08-19,"Mana, Shawal","North Waziristan",2,3,0,0,0,0,2,2,"http://www.thebureauinvestigates.com/2012/01/11/obama-2012-strikes/#Ob288",NA,"339",2012,"Republican","Democrat","Democrat","No"
"Ob289",2012-08-21,"Shnakhura, Datta Khel","North Waziristan",4,25,1,3,1,1,2,2,"http://www.thebureauinvestigates.com/2012/01/11/obama-2012-strikes/#Ob289",NA,"340",2012,"Republican","Democrat","Democrat","No"
"Ob290",2012-08-24,"Makai/Maki Ghar, Shawal","North Waziristan",13,22,0,0,0,0,4,14,"http://www.thebureauinvestigates.com/2012/01/11/obama-2012-strikes/#Ob290",NA,"341",2012,"Republican","Democrat","Democrat","No"
"Ob291",2012-08-24,"Dara, Shawal","North Waziristan",0,0,0,0,0,0,0,0,"http://www.thebureauinvestigates.com/2012/01/11/obama-2012-strikes/#Ob291",NA,"342",2012,"Republican","Democrat","Democrat","No"
"Ob292",2012-08-24,"Dre Nishter, Shawal","North Waziristan",0,0,0,0,0,0,0,0,"http://www.thebureauinvestigates.com/2012/01/11/obama-2012-strikes/#Ob292",NA,"343",2012,"Republican","Democrat","Democrat","No"
"Ob293",2012-09-01,"Degan","North Waziristan",4,6,0,0,0,0,2,3,"http://www.thebureauinvestigates.com/2012/01/11/obama-2012-strikes/#Ob293",NA,"344",2012,"Republican","Democrat","Democrat","No"
"Ob294",2012-09-21,"Mohammed Khel/Datta Khel","North Waziristan",3,4,0,0,0,0,2,3,"http://www.thebureauinvestigates.com/2012/01/11/obama-2012-strikes/#Ob294",NA,"345",2012,"Republican","Democrat","Democrat","No"
"Ob295",2012-09-24,"Mosaki - Inzar Abad, Tehsil Mir Ali","North Waziristan",3,8,0,0,0,0,2,2,"http://www.thebureauinvestigates.com/2012/01/11/obama-2012-strikes/#Ob295",NA,"346",2012,"Republican","Democrat","Democrat","No"
"Ob296",2012-10-01,"Khadar Khel","North Waziristan",2,4,0,0,0,0,0,0,"http://www.thebureauinvestigates.com/2012/01/11/obama-2012-strikes/#Ob296",NA,"347",2012,"Republican","Democrat","Democrat","No"
"Ob297",2012-10-10,"Hurmaz, Teshil Mir Ali","North Waziristan",3,6,0,0,0,0,3,3,"http://www.thebureauinvestigates.com/2012/01/11/obama-2012-strikes/#Ob297",NA,"348",2012,"Republican","Democrat","Democrat","No"
"Ob298",2012-10-11,"Buland Khel","Orakzai Agency",16,26,0,2,0,0,5,15,"http://www.thebureauinvestigates.com/2012/01/11/obama-2012-strikes/#Ob298",NA,"349",2012,"Republican","Democrat","Democrat","No"
"Ob299",2012-10-24,"Village Ghundi Killi Daur Tappi area of Tehsil Miranshah","North Waziristan",1,1,1,1,0,0,6,9,"http://www.thebureauinvestigates.com/2012/01/11/obama-2012-strikes/#Ob299",NA,"350",2012,"Republican","Democrat","Democrat","No"
"Ob300",2012-11-29,"Shin Warsak","South Waziristan",1,4,0,0,0,0,3,4,"http://www.thebureauinvestigates.com/2012/01/11/obama-2012-strikes/#Ob300",NA,"351",2012,"Republican","Democrat","Democrat","No"
"Ob301",2012-12-01,"Shin Warsak","South Waziristan",1,4,0,0,0,0,3,3,"http://www.thebureauinvestigates.com/2012/01/11/obama-2012-strikes/#Ob301",NA,"352",2012,"Republican","Democrat","Democrat","No"
"Ob302",2012-12-06,"Noorak Mubarak Shahi area, Tehsil Mir Ali","North Waziristan",2,11,1,1,0,0,1,6,"http://www.thebureauinvestigates.com/2012/01/11/obama-2012-strikes/#Ob302",NA,"353",2012,"Republican","Democrat","Democrat","No"
"Ob303",2012-12-09,"Tabbi Tor Khel, Tehisl Ghulam Khan","North Waziristan",2,4,0,3,0,0,0,0,"http://www.thebureauinvestigates.com/2012/01/11/obama-2012-strikes/#Ob303",NA,"354",2012,"Republican","Democrat","Democrat","No"
"Ob304",2012-12-21,"Hassokhel, near Mir Ali","North Waziristan",3,6,0,0,0,0,2,2,"http://www.thebureauinvestigates.com/2012/01/11/obama-2012-strikes/#Ob304",NA,"355",2012,"Republican","Democrat","Democrat","No"
"Ob305",2012-12-29,"Gurbaz, Shawal","North Waziristan",4,5,0,0,0,0,2,2,"http://www.thebureauinvestigates.com/2012/01/11/obama-2012-strikes/#Ob305",NA,"356",2012,"Republican","Democrat","Democrat","No"
"Ob306",2013-01-02,"Lajhmarai area, Tehsil Birmal","South Waziristan",6,11,0,0,0,0,0,0,"http://www.thebureauinvestigates.com/2013/01/03/obama-2013-pakistan-drone-strikes/#Ob306","http://www.thebureauinvestigates.com/2013/01/03/obama-2013-pakistan-drone-strikes/#","357",2013,"Republican","Democrat","Democrat","No"
"Ob307",2013-01-03,"Ghundi Killi, Tappi area, Tehsil Miranshah","North Waziristan",3,6,0,0,0,0,1,1,"http://www.thebureauinvestigates.com/2013/01/03/obama-2013-pakistan-drone-strikes/#Ob307",NA,"358",2013,"Republican","Democrat","Democrat","No"
"Ob308",2013-01-06,"Smal Narai area, Tehsil Ladha","South Waziristan",8,18,0,0,0,0,3,7,"http://www.thebureauinvestigates.com/2013/01/03/obama-2013-pakistan-drone-strikes/#Ob308",NA,"359",2013,"Republican","Democrat","Democrat","No"
"Ob309",2013-01-08,"Haiderkhel, near Mir Ali","North Waziristan",4,9,0,2,0,1,1,4,"http://www.thebureauinvestigates.com/2013/01/03/obama-2013-pakistan-drone-strikes/#Ob309",NA,"360",2013,"Republican","Democrat","Democrat","No"
"Ob310",2013-01-08,"Malangan Hassokhel, Tehsil Mir Ali","North Waziristan",0,9,0,0,0,0,1,4,"http://www.thebureauinvestigates.com/2013/01/03/obama-2013-pakistan-drone-strikes/#Ob310",NA,"361",2013,"Republican","Democrat","Democrat","No"
"Ob311",2013-01-10,"Hassokhel, near Mir Ali","North Waziristan",3,6,0,0,0,0,0,0,"http://www.thebureauinvestigates.com/2013/01/03/obama-2013-pakistan-drone-strikes/#Ob311",NA,"362",2013,"Republican","Democrat","Democrat","No"
"Ob312",2013-02-06,"Spinwam","North Waziristan",3,5,0,2,0,0,1,1,"http://www.thebureauinvestigates.com/2013/01/03/obama-2013-pakistan-drone-strikes/#Ob312",NA,"363",2013,"Republican","Democrat","Democrat","No"
"Ob313",2013-02-08,"Babar Ghar","South Waziristan",6,9,0,0,0,0,2,6,"http://www.thebureauinvestigates.com/2013/01/03/obama-2013-pakistan-drone-strikes/#Ob313",NA,"364",2013,"Republican","Democrat","Democrat","No"
"Ob314",2013-03-10,"Datta Khel","North Waziristan",1,3,0,0,0,0,1,1,"http://www.thebureauinvestigates.com/2013/01/03/obama-2013-pakistan-drone-strikes/#Ob314",NA,"365",2013,"Republican","Democrat","Democrat","No"
"Ob315",2013-03-22,"New Adda, Tehsil Datta Khel","North Waziristan",1,4,0,0,0,0,1,1,"http://www.thebureauinvestigates.com/2013/01/03/obama-2013-pakistan-drone-strikes/#Ob315",NA,"366",2013,"Republican","Democrat","Democrat","No"
"Ob316",2013-04-14,"Datta Khel","North Waziristan",4,6,0,0,0,0,2,2,"http://www.thebureauinvestigates.com/2013/01/03/obama-2013-pakistan-drone-strikes/#Ob316",NA,"367",2013,"Republican","Democrat","Democrat","No"
"Ob317",2013-04-17,"Pobar, Tehsil Ladha","South Waziristan",4,6,0,0,0,0,2,7,"http://www.thebureauinvestigates.com/2013/01/03/obama-2013-pakistan-drone-strikes/#Ob317",NA,"368",2013,"Republican","Democrat","Democrat","No"
"Ob318",2013-05-29,"Qazi Kot, Tehsil Miranshah","North Waziristan",3,7,0,0,0,0,1,4,"http://www.thebureauinvestigates.com/2013/01/03/obama-2013-pakistan-drone-strikes/#Ob318",NA,"369",2013,"Republican","Democrat","Democrat","No"
"Ob319",2013-06-07,"Shui Khel Mandi, Tehsil Shawal","North Waziristan",7,11,0,0,0,0,3,4,"http://www.thebureauinvestigates.com/2013/01/03/obama-2013-pakistan-drone-strikes/#Ob319",NA,"370",2013,"Republican","Democrat","Democrat","No"
"Ob320",2013-07-03,"Shui Khel Mandi, Tehsil Shawal","North Waziristan",16,18,0,0,0,0,5,5,"http://www.thebureauinvestigates.com/2013/01/03/obama-2013-pakistan-drone-strikes/#Ob320",NA,"371",2013,"Republican","Democrat","Democrat","No"
"Ob321",2013-07-13,"Khray Chila Mossaki area of Mir Ali","North Waziristan",2,3,0,0,0,0,0,0,"http://www.thebureauinvestigates.com/2013/01/03/obama-2013-pakistan-drone-strikes/#Ob321",NA,"372",2013,"Republican","Democrat","Democrat","No"
"Ob322",2013-07-28,"Zoi Nair, Tehsil Shawal","North Waziristan",5,8,0,0,0,0,2,4,"http://www.thebureauinvestigates.com/2013/01/03/obama-2013-pakistan-drone-strikes/#Ob322",NA,"373",2013,"Republican","Democrat","Democrat","No"
"Ob323",2013-08-31,"Mossaki, Tehsil Mir Ali","North Waziristan",3,4,0,0,0,0,1,3,"http://www.thebureauinvestigates.com/2013/01/03/obama-2013-pakistan-drone-strikes/#Ob323",NA,"374",2013,"Republican","Democrat","Democrat","No"
"Ob324",2013-09-06,"Tabi, Tehsil Ghulam Khan","North Waziristan",5,7,0,0,0,0,3,7,"http://www.thebureauinvestigates.com/2013/01/03/obama-2013-pakistan-drone-strikes/#Ob324",NA,"375",2013,"Republican","Democrat","Democrat","No"
"Ob325",2013-09-22,"ShawalPalgai area, Thesil Makin","North/South Waziristan",6,7,0,0,0,0,2,4,"http://www.thebureauinvestigates.com/2013/01/03/obama-2013-pakistan-drone-strikes/#Ob325",NA,"376",2013,"Republican","Democrat","Democrat","No"
"Ob326",2013-09-29,"Darga Mandi","North Waziristan",3,6,0,0,0,0,1,3,"http://www.thebureauinvestigates.com/2013/01/03/obama-2013-pakistan-drone-strikes/#Ob326",NA,"377",2013,"Republican","Democrat","Democrat","No"
"Ob327",2013-09-30,"Land Char Khel, Tehsil Datta Khel","North Waziristan",1,4,0,0,0,0,2,4,"http://www.thebureauinvestigates.com/2013/01/03/obama-2013-pakistan-drone-strikes/#Ob327",NA,"378",2013,"Republican","Democrat","Democrat","No"
"Ob328",2013-10-31,"Miranshah","North Waziristan",0,5,0,0,0,0,3,3,"http://www.thebureauinvestigates.com/2013/01/03/obama-2013-pakistan-drone-strikes/#Ob328",NA,"379",2013,"Republican","Democrat","Democrat","No"
"Ob329",2013-11-01,"Dandi Darpakhel","North Waziristan",4,7,0,0,0,0,2,2,"http://www.thebureauinvestigates.com/2013/01/03/obama-2013-pakistan-drone-strikes/#Ob329",NA,"380",2013,"Republican","Democrat","Democrat","No"
"Ob330",2013-11-21,"Tal, Hangu District","Khyber Pakhtunkhwa province",6,9,0,0,0,0,1,9,"http://www.thebureauinvestigates.com/2013/01/03/obama-2013-pakistan-drone-strikes/#Ob330",NA,"381",2013,"Republican","Democrat","Democrat","No"
"Ob331",2013-11-29,"Miranshah","North Waziristan",2,3,0,0,0,0,1,2,"http://www.thebureauinvestigates.com/2013/01/03/obama-2013-pakistan-drone-strikes/#Ob331",NA,"382",2013,"Republican","Democrat","Democrat","No"
"Ob332",2013-12-25,"Qutab Khel, Miranshah","North Waziristan",3,4,0,0,0,0,1,1,"http://www.thebureauinvestigates.com/2013/01/03/obama-2013-pakistan-drone-strikes/#Ob332",NA,"383",2013,"Republican","Democrat","Democrat","No"
"Ob333",2014-06-11,"Tabi Tolkhel or Darga Mandi","North Waziristan",4,6,0,0,0,0,0,0,"http://www.thebureauinvestigates.com/2014/06/11/obama-2014-pakistan-drone-strikes/#Ob333","http://www.thebureauinvestigates.com/2014/06/11/obama-2014-pakistan-drone-strikes/#","384",2014,"Republican","Democrat","Democrat","No"
"Ob334",2014-06-12,"Darga Mandi, Dande Darpakhel or Ghulam Khan","North Waziristan",6,10,0,0,0,0,4,4,"http://www.thebureauinvestigates.com/2014/06/11/obama-2014-pakistan-drone-strikes/#Ob334",NA,"385",2014,"Republican","Democrat","Democrat","No"
"Ob335",2014-06-18,"Darga Mandi, Dande Darpakhel or Miranshah","North Waziristan",4,8,0,0,0,0,2,4,"http://www.thebureauinvestigates.com/2014/06/11/obama-2014-pakistan-drone-strikes/#Ob335",NA,"386",2014,"Republican","Democrat","Democrat","No"
"Ob336",2014-07-10,"Madakhel village, Datta Khel Tehsil","North Waziristan",6,7,0,0,0,0,2,3,"http://www.thebureauinvestigates.com/2014/06/11/obama-2014-pakistan-drone-strikes/#Ob336",NA,"387",2014,"Republican","Democrat","Democrat","No"
"Ob337",2014-07-16,"Saidgai, Datta Khel tehsil","North Waziristan",15,24,0,0,0,0,4,6,"http://www.thebureauinvestigates.com/2014/06/11/obama-2014-pakistan-drone-strikes/#Ob337",NA,"388",2014,"Republican","Democrat","Democrat","No"
"Ob338",2014-07-19,"Doga Madakhel, Datta Khel tehsil","North Waziristan",11,15,0,0,0,0,0,0,"http://www.thebureauinvestigates.com/2014/06/11/obama-2014-pakistan-drone-strikes/#Ob338",NA,"389",2014,"Republican","Democrat","Democrat","No"
"Ob339",2014-08-05,"Lawara Mandi village, Datta Khel tehsil","North Waziristan",5,7,0,0,0,0,2,3,"http://www.thebureauinvestigates.com/2014/06/11/obama-2014-pakistan-drone-strikes/#Ob339",NA,"390",2014,"Republican","Democrat","Democrat","No"
"Ob340",2014-09-24,"Alwara Mandi village, Datta Khel tehsil","North Waziristan",5,11,0,0,0,0,0,0,"http://www.thebureauinvestigates.com/2014/06/11/obama-2014-pakistan-drone-strikes/#Ob340",NA,"391",2014,"Republican","Democrat","Democrat","No"
"Ob341",2014-09-28,"Wana","South Waziristan",2,4,0,0,0,0,1,4,"http://www.thebureauinvestigates.com/2014/06/11/obama-2014-pakistan-drone-strikes/#Ob341",NA,"392",2014,"Republican","Democrat","Democrat","No"
"Ob342",2014-10-05,"Kundhgar, Shawal","South Waziristan",4,5,0,0,0,0,2,3,"http://www.thebureauinvestigates.com/2014/06/11/obama-2014-pakistan-drone-strikes/#Ob342",NA,"393",2014,"Republican","Democrat","Democrat","No"
"Ob343",2014-10-06,"Mangrotai, Shawal","South Waziristan",4,8,0,0,0,0,4,6,"http://www.thebureauinvestigates.com/2014/06/11/obama-2014-pakistan-drone-strikes/#Ob343",NA,"394",2014,"Republican","Democrat","Democrat","No"
"Ob344",2014-10-07,"Kundhgar, Shawal","South Waziristan",4,7,0,0,0,0,5,11,"http://www.thebureauinvestigates.com/2014/06/11/obama-2014-pakistan-drone-strikes/#Ob344",NA,"395",2014,"Republican","Democrat","Democrat","No"
"Ob345",2014-10-07,"Kundser, Datta Khel","North Waziristan",2,4,0,0,0,0,5,5,"http://www.thebureauinvestigates.com/2014/06/11/obama-2014-pakistan-drone-strikes/#Ob345",NA,"396",2014,"Republican","Democrat","Democrat","No"
"Ob346",2014-10-08,"Loman, Datta Khel","North Waziristan",2,4,0,0,0,0,1,3,"http://www.thebureauinvestigates.com/2014/06/11/obama-2014-pakistan-drone-strikes/#Ob346",NA,"397",2014,"Republican","Democrat","Democrat","No"
"Ob347",2014-10-09,"Datta Khel","North Waziristan",3,4,0,0,0,0,0,0,"http://www.thebureauinvestigates.com/2014/06/11/obama-2014-pakistan-drone-strikes/#Ob347",NA,"398",2014,"Republican","Democrat","Democrat","No"
"Ob348",2014-10-11,"Tirah Valley","Khyber Agency",4,6,0,0,0,0,2,2,"http://www.thebureauinvestigates.com/2014/06/11/obama-2014-pakistan-drone-strikes/#Ob348",NA,"399",2014,"Republican","Democrat","Democrat","No"
"Ob349",2014-10-11,"Marga, Shawal","North Waziristan",2,4,0,0,0,0,0,0,"http://www.thebureauinvestigates.com/2014/06/11/obama-2014-pakistan-drone-strikes/#Ob349",NA,"400",2014,"Republican","Democrat","Democrat","No"
"Ob350",2014-10-30,"Nargas village, Azam Warsak","South Waziristan",4,7,0,0,0,0,2,2,"http://www.thebureauinvestigates.com/2014/06/11/obama-2014-pakistan-drone-strikes/#Ob350",NA,"401",2014,"Republican","Democrat","Democrat","No"
"Ob351",2014-11-11,"Dawa Toi, Datta Khel","North Waziristan",4,7,0,2,0,2,2,3,"http://www.thebureauinvestigates.com/2014/06/11/obama-2014-pakistan-drone-strikes/#Ob351",NA,"402",2014,"Republican","Democrat","Democrat","No"
"Ob352",2014-11-20,"Datta Khel","North Waziristan",5,8,0,0,0,0,2,3,"http://www.thebureauinvestigates.com/2014/06/11/obama-2014-pakistan-drone-strikes/#Ob352",NA,"403",2014,"Republican","Democrat","Democrat","No"
"Ob353",2014-11-26,"Garga, Shawal","North Waziristan",4,9,0,0,0,0,2,3,"http://www.thebureauinvestigates.com/2014/06/11/obama-2014-pakistan-drone-strikes/#Ob353",NA,"404",2014,"Republican","Democrat","Democrat","No"
"Ob354",2014-12-07,"Khar Tangi, Datta Khel","North Waziristan",4,6,0,0,0,0,2,2,"http://www.thebureauinvestigates.com/2014/06/11/obama-2014-pakistan-drone-strikes/#Ob354",NA,"405",2014,"Republican","Democrat","Democrat","No"
"Ob355",2014-12-20,"Datta Khel","North Waziristan",4,6,0,0,0,0,0,0,"http://www.thebureauinvestigates.com/2014/06/11/obama-2014-pakistan-drone-strikes/#Ob355",NA,"406",2014,"Republican","Democrat","Democrat","No"
"Ob356",2014-12-26,"Kund/Kundghar village, Shawal","North Waziristan",4,5,0,0,0,0,0,0,"http://www.thebureauinvestigates.com/2014/06/11/obama-2014-pakistan-drone-strikes/#Ob356",NA,"407",2014,"Republican","Democrat","Democrat","No"
"Ob357",2014-12-26,"Kund/Kundghar village, Shawal","North Waziristan",3,4,0,0,0,0,0,0,"http://www.thebureauinvestigates.com/2014/06/11/obama-2014-pakistan-drone-strikes/#Ob357",NA,"408",2014,"Republican","Democrat","Democrat","No"
"Ob358",2015-01-04,"Alwara Mandi, Datta Khel or Shawal","North Waziristan",6,10,0,0,0,0,0,0,"http://www.thebureauinvestigates.com/2015/01/05/obama-2015-pakistan-drone-strikes/#Ob358","http://www.thebureauinvestigates.com/2015/01/05/obama-2015-pakistan-drone-strikes/#","409",2015,"Republican","Republican","Democrat","No"
"Ob359",2015-01-15,"Shawal","North Waziristan",5,7,2,2,0,0,0,0,"http://www.thebureauinvestigates.com/2015/01/05/obama-2015-pakistan-drone-strikes/#Ob359",NA,"410",2015,"Republican","Republican","Democrat","No"
"Ob360",2015-01-15,"Ladha district","South Waziristan",4,7,0,0,0,0,3,4,"http://www.thebureauinvestigates.com/2015/01/05/obama-2015-pakistan-drone-strikes/#Ob360",NA,"411",2015,"Republican","Republican","Democrat","No"
"Ob361",2015-01-19,"Shahi Khel, Shawal","North Waziristan",5,7,0,0,0,0,4,6,"http://www.thebureauinvestigates.com/2015/01/05/obama-2015-pakistan-drone-strikes/#Ob361",NA,"412",2015,"Republican","Republican","Democrat","No"
"Ob362",2015-01-28,"Shawal","North Waziristan",6,7,0,0,0,0,2,4,"http://www.thebureauinvestigates.com/2015/01/05/obama-2015-pakistan-drone-strikes/#Ob362",NA,"413",2015,"Republican","Republican","Democrat","No"
"Ob363",2015-03-18,"Shabak","Kurram Agency",3,3,0,0,0,0,0,0,"http://www.thebureauinvestigates.com/2015/01/05/obama-2015-pakistan-drone-strikes/#Ob363",NA,"414",2015,"Republican","Republican","Democrat","No"
"Ob364",2015-04-12,"Shawal","North Waziristan",4,4,0,0,0,0,2,2,"http://www.thebureauinvestigates.com/2015/01/05/obama-2015-pakistan-drone-strikes/#Ob364",NA,"415",2015,"Republican","Republican","Democrat","No"
"Ob365",2015-05-16,"Wara Mandi, Shawal","North Waziristan",4,7,0,0,0,0,2,2,"http://www.thebureauinvestigates.com/2015/01/05/obama-2015-pakistan-drone-strikes/#Ob365",NA,"416",2015,"Republican","Republican","Democrat","No"
"Ob366",2015-05-18,"Zoy Nari, Shawal","North Waziristan",3,6,0,0,0,0,2,3,"http://www.thebureauinvestigates.com/2015/01/05/obama-2015-pakistan-drone-strikes/#Ob366",NA,"417",2015,"Republican","Republican","Democrat","No"
"Ob367",2015-06-01,"Shawal","North Waziristan",4,5,0,0,0,0,0,0,"http://www.thebureauinvestigates.com/2015/01/05/obama-2015-pakistan-drone-strikes/#Ob367",NA,"418",2015,"Republican","Republican","Democrat","No"
"Ob368",2015-06-06,"Shawal or Datta Khel","North Waziristan",7,9,0,3,0,0,4,4,"http://www.thebureauinvestigates.com/2015/01/05/obama-2015-pakistan-drone-strikes/#Ob368",NA,"419",2015,"Republican","Republican","Democrat","No"
"Ob369",2015-08-06,"Alwara Mandi area, Datta Khel","North Waziristan",4,7,0,0,0,0,2,3,"http://www.thebureauinvestigates.com/2015/01/05/obama-2015-pakistan-drone-strikes/#Ob369",NA,"420",2015,"Republican","Republican","Democrat","No"
"Ob370",2015-09-01,"Karwanda village, Manzarkhel area, Dattakhel sub-division or Lawara Banga area of Shawal valley","North Waziristan",5,6,0,0,0,0,4,4,"http://www.thebureauinvestigates.com/2015/01/05/obama-2015-pakistan-drone-strikes/#Ob370",NA,"421",2015,"Republican","Republican","Democrat","No"
"Ob371",2016-01-09,"Mangrooti village, Shawal valley, Datta Khel tehsil","North Waziristan",5,5,0,0,0,0,2,2,"https://www.thebureauinvestigates.com/2016/01/11/obama-2016-pakistan-drone-strikes/#Ob371","https://www.thebureauinvestigates.com/2016/01/11/obama-2016-pakistan-drone-strikes/#","422",2016,"Republican","Republican","Democrat","No"
"Ob372",2016-02-22,"Shahidano Dhand, Lower Kurram","Kurram Agency",4,5,0,0,0,0,1,4,"https://www.thebureauinvestigates.com/2016/01/11/obama-2016-pakistan-drone-strikes/#Ob372","https://www.thebureauinvestigates.com/2016/01/11/obama-2016-pakistan-drone-strikes/#","423",2016,"Republican","Republican","Democrat","No"
"Ob373",2016-05-21,"Ahmad Wal","Balochistan",2,2,1,1,0,0,0,0,"https://www.thebureauinvestigates.com/2016/01/11/obama-2016-pakistan-drone-strikes/#Ob373",NA,"424",2016,"Republican","Republican","Democrat","No"
"T001",2017-03-02,"Unknown","Kurram Agency",2,2,0,0,0,0,0,0,NA,NA,"425",2017,"Republican","Republican","Republican","Republican"
"T002",2017-04-26,"Zuwai","North Waziristan",7,11,0,3,0,0,0,0,NA,NA,"426",2017,"Republican","Republican","Republican","Republican"
"T003",2017-05-24,"Unknown","North Waziristan",2,3,0,0,0,0,0,0,NA,NA,"427",2017,"Republican","Republican","Republican","Republican"
"T004",2017-06-13,"Hangu district","Khyber Pakhtunkhwa province",1,3,0,0,0,0,0,3,NA,NA,"428",2017,"Republican","Republican","Republican","Republican"
"T005",2017-09-15,"Ghuz Ghari village","Kurram Agency",3,3,0,0,0,0,1,2,NA,NA,"429",2017,"Republican","Republican","Republican","Republican"
"T006",2018-01-24,"Unclear","Unclear",1,3,0,0,0,0,0,0,NA,NA,"430",2018,"Republican","Republican","Republican","Republican"
